Country Name,Country Code,Series Name,Series Code,2018 [YR2018],2019 [YR2019],2020 [YR2020],2021 [YR2021],2022 [YR2022],2023 [YR2023]
Canada,CAN,Access to clean fuels and technologies for cooking (% of population),EG.CFT.ACCS.ZS,100,100,100,100,..,..
Canada,CAN,"Cause of death, by communicable diseases and maternal, prenatal and nutrition conditions (% of total)",SH.DTH.COMM.ZS,..,4.77225226729925,..,..,..,..
Canada,CAN,CO2 emissions (metric tons per capita),EN.ATM.CO2E.PC,15.6366541621759,15.0527469447143,13.5993749178773,..,..,..
Canada,CAN,Control of Corruption: Estimate,CC.EST,1.78985774517059,1.72997653484344,1.5655562877655,1.61652982234955,1.65857982635498,..
Canada,CAN,Economic and Social Rights Performance Score,SD.ESR.PERF.XQ,2.523194195,..,..,..,..,..
Canada,CAN,Government Effectiveness: Estimate,GE.EST,1.67517793178558,1.69739508628845,1.59874486923218,1.56352460384369,1.56707048416138,..
Canada,CAN,"Government expenditure on education, total (% of government expenditure)",SE.XPD.TOTL.GB.ZS,12.9341850280762,12.6524801254272,9.87754249572754,11.0546884536743,11.0546884536743,..
Canada,CAN,"Life expectancy at birth, total (years)",SP.DYN.LE00.IN,81.8439024390244,82.2287804878049,81.6704878048781,..,..,..
Canada,CAN,Methane emissions (metric tons of CO2 equivalent per capita),EN.ATM.METH.PC,2.78878423963642,2.74512894923916,2.63485537174753,..,..,..
Canada,CAN,"Mortality rate, under-5 (per 1,000 live births)",SH.DYN.MORT,5.2,5.2,5.1,5,..,..
Canada,CAN,Nitrous oxide emissions (metric tons of CO2 equivalent per capita),EN.ATM.NOXE.PC,1.23751955182403,1.17454952510862,1.2387219275965,..,..,..
Canada,CAN,"PM2.5 air pollution, mean annual exposure (micrograms per cubic meter)",EN.ATM.PM25.MC.M3,7.07877626,7.100156005,..,..,..,..
Canada,CAN,Political Stability and Absence of Violence/Terrorism: Estimate,PV.EST,0.963774383068085,0.994817912578583,1.01310467720032,0.962195992469788,0.772814035415649,..
Canada,CAN,Proportion of seats held by women in national parliaments (%),SG.GEN.PARL.ZS,26.9461077844311,28.9940828402367,28.9940828402367,30.4733727810651,30.4733727810651,..
Canada,CAN,Regulatory Quality: Estimate,RQ.EST,1.69941985607147,1.71000242233276,1.5925897359848,1.61376404762268,1.67709279060364,..
Canada,CAN,Renewable energy consumption (% of total final energy consumption),EG.FEC.RNEW.ZS,21.92,22.47,23.85,..,..,..
Canada,CAN,Rule of Law: Estimate,RL.EST,1.71509540081024,1.71972894668579,1.61829829216003,1.59374892711639,1.56622016429901,..
Canada,CAN,"School enrollment, primary and secondary (gross), gender parity index (GPI)",SE.ENR.PRSC.FM.ZS,1.00332999229431,1.00151002407074,1.00258994102478,..,..,..
Canada,CAN,Strength of legal rights index (0=weak to 12=strong),IC.LGL.CRED.XQ,9,9,..,..,..,..
Canada,CAN,Voice and Accountability: Estimate,VA.EST,1.50185120105743,1.4299088716507,1.4710533618927,1.44578230381012,1.43496835231781,..
Canada,CAN,Terrestrial and marine protected areas (% of total territorial area),ER.PTD.TOTL.ZS,6.47719362274678,7.83606041445404,9.49661859231818,10.7998356346904,11.3811168673874,..
Canada,CAN,Tree Cover Loss (hectares),AG.LND.FRLS.HA,2142937,2175716,1195272,2524986,..,..
Canada,CAN,Level of water stress: freshwater withdrawal as a proportion of available freshwater resources,ER.H2O.FWST.ZS,3.7335736354,3.7335736354,3.7335736354,..,..,..
Australia,AUS,Access to clean fuels and technologies for cooking (% of population),EG.CFT.ACCS.ZS,100,100,100,100,..,..
Australia,AUS,"Cause of death, by communicable diseases and maternal, prenatal and nutrition conditions (% of total)",SH.DTH.COMM.ZS,..,4.94105432186094,..,..,..,..
Australia,AUS,CO2 emissions (metric tons per capita),EN.ATM.CO2E.PC,15.8657135218488,15.5990453615115,14.7761369066259,..,..,..
Australia,AUS,Control of Corruption: Estimate,CC.EST,1.76737761497498,1.78817307949066,1.63295590877533,1.7076461315155,1.76448953151703,..
Australia,AUS,Economic and Social Rights Performance Score,SD.ESR.PERF.XQ,2.439727414,..,..,..,..,..
Australia,AUS,Government Effectiveness: Estimate,GE.EST,1.55606377124786,1.53876042366028,1.57377552986145,1.47399628162384,1.52887463569641,..
Australia,AUS,"Government expenditure on education, total (% of government expenditure)",SE.XPD.TOTL.GB.ZS,15.062949180603,15.2451992034912,14.3882093429565,13.131422996521,..,..
Australia,AUS,"Life expectancy at birth, total (years)",SP.DYN.LE00.IN,82.7487804878049,82.9,83.2,..,..,..
Australia,AUS,Methane emissions (metric tons of CO2 equivalent per capita),EN.ATM.METH.PC,6.26634555473488,5.69223509567423,5.12626191613883,..,..,..
Australia,AUS,"Mortality rate, under-5 (per 1,000 live births)",SH.DYN.MORT,3.8,3.8,3.7,3.7,..,..
Australia,AUS,Nitrous oxide emissions (metric tons of CO2 equivalent per capita),EN.ATM.NOXE.PC,3.0790901880676,2.43487869662101,1.92332406236627,..,..,..
Australia,AUS,"PM2.5 air pollution, mean annual exposure (micrograms per cubic meter)",EN.ATM.PM25.MC.M3,6.738086439,6.745497859,..,..,..,..
Australia,AUS,Political Stability and Absence of Violence/Terrorism: Estimate,PV.EST,0.97081196308136,0.917313098907471,0.861676931381226,0.835315883159637,0.933572053909302,..
Australia,AUS,Proportion of seats held by women in national parliaments (%),SG.GEN.PARL.ZS,28.6666666666667,30.4635761589404,30.4635761589404,31.1258278145695,38.4105960264901,..
Australia,AUS,Regulatory Quality: Estimate,RQ.EST,1.89657723903656,1.86464607715607,1.81394696235657,1.83118271827698,1.89489328861237,..
Australia,AUS,Renewable energy consumption (% of total final energy consumption),EG.FEC.RNEW.ZS,9.6,10.06,10.89,..,..,..
Australia,AUS,Rule of Law: Estimate,RL.EST,1.67455554008484,1.69447183609009,1.61424505710602,1.63928818702698,1.51008522510529,..
Australia,AUS,"School enrollment, primary and secondary (gross), gender parity index (GPI)",SE.ENR.PRSC.FM.ZS,0.968850016593933,0.964070022106171,0.979290008544922,..,..,..
Australia,AUS,Strength of legal rights index (0=weak to 12=strong),IC.LGL.CRED.XQ,11,11,..,..,..,..
Australia,AUS,Voice and Accountability: Estimate,VA.EST,1.3939208984375,1.26963520050049,1.29803049564362,1.35839426517487,1.31948041915894,..
Australia,AUS,Terrestrial and marine protected areas (% of total territorial area),ER.PTD.TOTL.ZS,29.7087937305528,29.7087926208931,30.395527849221,32.1204150724308,32.1204150724308,..
Australia,AUS,Tree Cover Loss (hectares),AG.LND.FRLS.HA,250749,1661548,2356303,261044,..,..
Australia,AUS,Level of water stress: freshwater withdrawal as a proportion of available freshwater resources,ER.H2O.FWST.ZS,4.9577804584,4.2340168878,3.4740651387,..,..,..
Belgium,BEL,Access to clean fuels and technologies for cooking (% of population),EG.CFT.ACCS.ZS,100,100,100,100,..,..
Belgium,BEL,"Cause of death, by communicable diseases and maternal, prenatal and nutrition conditions (% of total)",SH.DTH.COMM.ZS,..,7.89790553547321,..,..,..,..
Belgium,BEL,CO2 emissions (metric tons per capita),EN.ATM.CO2E.PC,8.18436667928584,8.09379074556662,7.39813065774681,..,..,..
Belgium,BEL,Control of Corruption: Estimate,CC.EST,1.42942035198212,1.44899594783783,1.44595634937286,1.45552504062653,1.49504864215851,..
Belgium,BEL,Economic and Social Rights Performance Score,SD.ESR.PERF.XQ,2.487935212,..,..,..,..,..
Belgium,BEL,Government Effectiveness: Estimate,GE.EST,1.22472155094147,1.11346733570099,1.07878303527832,1.08703339099884,1.22765874862671,..
Belgium,BEL,"Government expenditure on education, total (% of government expenditure)",SE.XPD.TOTL.GB.ZS,11.8788394927979,11.8170013427734,11.1489362716675,11.3198261260986,..,..
Belgium,BEL,"Life expectancy at birth, total (years)",SP.DYN.LE00.IN,81.5951219512195,81.9951219512195,80.6951219512195,..,..,..
Belgium,BEL,Methane emissions (metric tons of CO2 equivalent per capita),EN.ATM.METH.PC,0.716092278027215,0.70337235115737,0.691078974458262,..,..,..
Belgium,BEL,"Mortality rate, under-5 (per 1,000 live births)",SH.DYN.MORT,4.1,4.1,4.1,4.1,..,..
Belgium,BEL,Nitrous oxide emissions (metric tons of CO2 equivalent per capita),EN.ATM.NOXE.PC,0.40449864138211,0.402408548452517,0.39555879645406,..,..,..
Belgium,BEL,"PM2.5 air pollution, mean annual exposure (micrograms per cubic meter)",EN.ATM.PM25.MC.M3,12.76304285,12.6724532,..,..,..,..
Belgium,BEL,Political Stability and Absence of Violence/Terrorism: Estimate,PV.EST,0.39363044500351,0.45831623673439,0.521023035049438,0.662566304206848,0.575668811798096,..
Belgium,BEL,Proportion of seats held by women in national parliaments (%),SG.GEN.PARL.ZS,38,42,41.3333333333333,42,42.6666666666667,..
Belgium,BEL,Regulatory Quality: Estimate,RQ.EST,1.25903940200806,1.27653729915619,1.34363579750061,1.33185970783234,1.25295519828796,..
Belgium,BEL,Renewable energy consumption (% of total final energy consumption),EG.FEC.RNEW.ZS,10.65,10.2,12.28,..,..,..
Belgium,BEL,Rule of Law: Estimate,RL.EST,1.33861649036407,1.33622694015503,1.3280041217804,1.29238021373749,1.34894239902496,..
Belgium,BEL,"School enrollment, primary and secondary (gross), gender parity index (GPI)",SE.ENR.PRSC.FM.ZS,1.0733699798584,1.0791300535202,1.08149003982544,..,..,..
Belgium,BEL,Strength of legal rights index (0=weak to 12=strong),IC.LGL.CRED.XQ,8,8,..,..,..,..
Belgium,BEL,Voice and Accountability: Estimate,VA.EST,1.33021223545074,1.3083484172821,1.27844524383545,1.271479845047,1.29260873794556,..
Belgium,BEL,Terrestrial and marine protected areas (% of total territorial area),ER.PTD.TOTL.ZS,24.6491730272904,26.1053880527861,17.5792392418833,17.6376554009437,17.838189781615,..
Belgium,BEL,Tree Cover Loss (hectares),AG.LND.FRLS.HA,4631,5577,5409,9143,..,..
Belgium,BEL,Level of water stress: freshwater withdrawal as a proportion of available freshwater resources,ER.H2O.FWST.ZS,51.2899262899,51.5847665848,51.5847665848,..,..,..
China,CHN,Access to clean fuels and technologies for cooking (% of population),EG.CFT.ACCS.ZS,77.6,79.4,81.4,83.2,..,..
China,CHN,"Cause of death, by communicable diseases and maternal, prenatal and nutrition conditions (% of total)",SH.DTH.COMM.ZS,..,3.54971055780421,..,..,..,..
China,CHN,CO2 emissions (metric tons per capita),EN.ATM.CO2E.PC,7.53319313353674,7.64543578560038,7.75613790659769,..,..,..
China,CHN,Control of Corruption: Estimate,CC.EST,-0.286587774753571,-0.312405079603195,-0.0709566846489906,0.030393473803997,0.0159702487289906,..
China,CHN,Economic and Social Rights Performance Score,SD.ESR.PERF.XQ,2.532732755,..,..,..,..,..
China,CHN,Government Effectiveness: Estimate,GE.EST,0.496618092060089,0.54490339756012,0.644194781780243,0.809331774711609,0.495032012462616,..
China,CHN,"Government expenditure on education, total (% of government expenditure)",SE.XPD.TOTL.GB.ZS,11.4506902694702,11.2266368865967,10.5329275131226,10.8503179550171,..,..
China,CHN,"Life expectancy at birth, total (years)",SP.DYN.LE00.IN,77.744,77.968,78.077,..,..,..
China,CHN,Methane emissions (metric tons of CO2 equivalent per capita),EN.ATM.METH.PC,0.817793436510879,0.826296804463877,0.840681157253207,..,..,..
China,CHN,"Mortality rate, under-5 (per 1,000 live births)",SH.DYN.MORT,8.6,8,7.4,6.9,..,..
China,CHN,Nitrous oxide emissions (metric tons of CO2 equivalent per capita),EN.ATM.NOXE.PC,0.388909373520773,0.381133089657573,0.380497633264829,..,..,..
China,CHN,"PM2.5 air pollution, mean annual exposure (micrograms per cubic meter)",EN.ATM.PM25.MC.M3,49.27568382,47.67263439,..,..,..,..
China,CHN,Political Stability and Absence of Violence/Terrorism: Estimate,PV.EST,-0.298641502857208,-0.259810864925385,-0.473098784685135,-0.51672887802124,-0.441073626279831,..
China,CHN,Proportion of seats held by women in national parliaments (%),SG.GEN.PARL.ZS,24.8993288590604,24.9411764705882,24.9411764705882,24.9411764705882,24.9411764705882,..
China,CHN,Regulatory Quality: Estimate,RQ.EST,-0.22858552634716,-0.304319977760315,-0.202643379569054,-0.332243531942368,-0.418417632579803,..
China,CHN,Renewable energy consumption (% of total final energy consumption),EG.FEC.RNEW.ZS,13.55,14.33,14.81,..,..,..
China,CHN,Rule of Law: Estimate,RL.EST,-0.186719536781311,-0.262363702058792,-0.10228705406189,0.0107609163969755,-0.0414439849555492,..
China,CHN,"School enrollment, primary and secondary (gross), gender parity index (GPI)",SE.ENR.PRSC.FM.ZS,1.01431000232697,1.01529002189636,1.01286995410919,1.01161003112793,..,..
China,CHN,Strength of legal rights index (0=weak to 12=strong),IC.LGL.CRED.XQ,3,3,..,..,..,..
China,CHN,Voice and Accountability: Estimate,VA.EST,-1.45992791652679,-1.6273341178894,-1.65873777866364,-1.64286768436432,-1.60957491397858,..
China,CHN,Terrestrial and marine protected areas (% of total territorial area),ER.PTD.TOTL.ZS,14.5876416474392,14.7363957337724,14.7465114295171,14.7465114295171,14.7465114295171,..
China,CHN,Tree Cover Loss (hectares),AG.LND.FRLS.HA,569452,496964,422213,536655,..,..
China,CHN,Level of water stress: freshwater withdrawal as a proportion of available freshwater resources,ER.H2O.FWST.ZS,43.3027563138,43.9754020537,41.5185287974,..,..,..
Denmark,DNK,Access to clean fuels and technologies for cooking (% of population),EG.CFT.ACCS.ZS,100,100,100,100,..,..
Denmark,DNK,"Cause of death, by communicable diseases and maternal, prenatal and nutrition conditions (% of total)",SH.DTH.COMM.ZS,..,6.82614009736737,..,..,..,..
Denmark,DNK,CO2 emissions (metric tons per capita),EN.ATM.CO2E.PC,5.71891295897775,5.10738642637222,4.69123730751634,..,..,..
Denmark,DNK,Control of Corruption: Estimate,CC.EST,2.15647912025452,2.12161731719971,2.23646879196167,2.33375263214111,2.40274429321289,..
Denmark,DNK,Economic and Social Rights Performance Score,SD.ESR.PERF.XQ,2.493505479,..,..,..,..,..
Denmark,DNK,Government Effectiveness: Estimate,GE.EST,1.81058418750763,1.87338101863861,1.84041404724121,1.96179676055908,1.9906097650528,..
Denmark,DNK,"Government expenditure on education, total (% of government expenditure)",SE.XPD.TOTL.GB.ZS,12.6484069824219,12.7428998947144,11.9155778884888,11.8883810043335,..,..
Denmark,DNK,"Life expectancy at birth, total (years)",SP.DYN.LE00.IN,80.9536585365854,81.4512195121951,81.6024390243903,..,..,..
Denmark,DNK,Methane emissions (metric tons of CO2 equivalent per capita),EN.ATM.METH.PC,1.39925542837003,1.35812042400775,1.33394529362054,..,..,..
Denmark,DNK,"Mortality rate, under-5 (per 1,000 live births)",SH.DYN.MORT,3.9,3.8,3.7,3.6,..,..
Denmark,DNK,Nitrous oxide emissions (metric tons of CO2 equivalent per capita),EN.ATM.NOXE.PC,0.908113612246265,0.932058942746158,0.941938807018001,..,..,..
Denmark,DNK,"PM2.5 air pollution, mean annual exposure (micrograms per cubic meter)",EN.ATM.PM25.MC.M3,9.868317849,9.785959755,..,..,..,..
Denmark,DNK,Political Stability and Absence of Violence/Terrorism: Estimate,PV.EST,0.931788921356201,0.967484951019287,0.920160233974457,0.928524494171143,0.86500883102417,..
Denmark,DNK,Proportion of seats held by women in national parliaments (%),SG.GEN.PARL.ZS,37.4301675977654,39.1061452513966,39.6648044692737,39.6648044692737,43.5754189944134,..
Denmark,DNK,Regulatory Quality: Estimate,RQ.EST,1.62839412689209,1.5476325750351,1.78572452068329,1.79559290409088,1.84312748908997,..
Denmark,DNK,Renewable energy consumption (% of total final energy consumption),EG.FEC.RNEW.ZS,34.56,37.29,39.7,..,..,..
Denmark,DNK,Rule of Law: Estimate,RL.EST,1.77329659461975,1.83364605903625,1.80827939510345,1.89605689048767,1.90030813217163,..
Denmark,DNK,"School enrollment, primary and secondary (gross), gender parity index (GPI)",SE.ENR.PRSC.FM.ZS,0.999819993972778,0.995649993419647,0.996890008449554,..,..,..
Denmark,DNK,Strength of legal rights index (0=weak to 12=strong),IC.LGL.CRED.XQ,8,8,..,..,..,..
Denmark,DNK,Voice and Accountability: Estimate,VA.EST,1.57350194454193,1.54312837123871,1.51466250419617,1.545294880867,1.58586609363556,..
Denmark,DNK,Terrestrial and marine protected areas (% of total territorial area),ER.PTD.TOTL.ZS,17.9276418331277,17.7064790041568,17.9023543259784,17.902303913776,17.9019843467964,..
Denmark,DNK,Tree Cover Loss (hectares),AG.LND.FRLS.HA,3162,9180,3194,4795,..,..
Denmark,DNK,Level of water stress: freshwater withdrawal as a proportion of available freshwater resources,ER.H2O.FWST.ZS,29.9031097891,25.5704164413,26.4042725798,..,..,..
France,FRA,Access to clean fuels and technologies for cooking (% of population),EG.CFT.ACCS.ZS,100,100,100,100,..,..
France,FRA,"Cause of death, by communicable diseases and maternal, prenatal and nutrition conditions (% of total)",SH.DTH.COMM.ZS,..,6.36802803638816,..,..,..,..
France,FRA,CO2 emissions (metric tons per capita),EN.ATM.CO2E.PC,4.57051742845134,4.46016494835631,3.95368245187991,..,..,..
France,FRA,Control of Corruption: Estimate,CC.EST,1.28164064884186,1.24832808971405,1.12234926223755,1.28228497505188,1.25952994823456,..
France,FRA,Economic and Social Rights Performance Score,SD.ESR.PERF.XQ,2.500499847,..,..,..,..,..
France,FRA,Government Effectiveness: Estimate,GE.EST,1.4197963476181,1.33828783035278,1.2046355009079,1.23061394691467,1.165806889534,..
France,FRA,"Government expenditure on education, total (% of government expenditure)",SE.XPD.TOTL.GB.ZS,9.56552600860596,9.48199844360352,8.82271194458008,8.87541103363037,..,..
France,FRA,"Life expectancy at birth, total (years)",SP.DYN.LE00.IN,82.6756097560976,82.8268292682927,82.1756097560976,..,..,..
France,FRA,Methane emissions (metric tons of CO2 equivalent per capita),EN.ATM.METH.PC,0.898596157546937,0.882302796160996,0.865036700819479,..,..,..
France,FRA,"Mortality rate, under-5 (per 1,000 live births)",SH.DYN.MORT,4.3,4.3,4.4,4.4,..,..
France,FRA,Nitrous oxide emissions (metric tons of CO2 equivalent per capita),EN.ATM.NOXE.PC,0.567164339420618,0.554629294909638,0.535772117511705,..,..,..
France,FRA,"PM2.5 air pollution, mean annual exposure (micrograms per cubic meter)",EN.ATM.PM25.MC.M3,11.53704439,11.40575038,..,..,..,..
France,FRA,Political Stability and Absence of Violence/Terrorism: Estimate,PV.EST,0.0137935001403093,0.271274894475937,0.280948132276535,0.32552382349968,0.334524124860764,..
France,FRA,Proportion of seats held by women in national parliaments (%),SG.GEN.PARL.ZS,39.5833333333333,39.6880415944541,39.5147313691508,39.5147313691508,37.261698440208,..
France,FRA,Regulatory Quality: Estimate,RQ.EST,1.1474986076355,1.43153774738312,1.18946194648743,1.23037326335907,1.1889523267746,..
France,FRA,Renewable energy consumption (% of total final energy consumption),EG.FEC.RNEW.ZS,15.21,15.53,16.87,..,..,..
France,FRA,Rule of Law: Estimate,RL.EST,1.39610087871552,1.37121713161469,1.29722630977631,1.26025199890137,1.18272042274475,..
France,FRA,"School enrollment, primary and secondary (gross), gender parity index (GPI)",SE.ENR.PRSC.FM.ZS,1.00080001354218,0.998740017414093,0.997049987316132,..,..,..
France,FRA,Strength of legal rights index (0=weak to 12=strong),IC.LGL.CRED.XQ,4,4,..,..,..,..
France,FRA,Voice and Accountability: Estimate,VA.EST,1.15723478794098,1.11471974849701,1.06564605236053,1.10469245910645,1.10586476325989,..
France,FRA,Terrestrial and marine protected areas (% of total territorial area),ER.PTD.TOTL.ZS,33.2074996806332,35.0387361906798,36.1682908184624,36.3933676166271,36.6481015757199,..
France,FRA,Tree Cover Loss (hectares),AG.LND.FRLS.HA,69201,81304,77746,112886,..,..
France,FRA,Level of water stress: freshwater withdrawal as a proportion of available freshwater resources,ER.H2O.FWST.ZS,23.5690486825,22.9992818436,22.9992818436,..,..,..
Germany,DEU,Access to clean fuels and technologies for cooking (% of population),EG.CFT.ACCS.ZS,100,100,100,100,..,..
Germany,DEU,"Cause of death, by communicable diseases and maternal, prenatal and nutrition conditions (% of total)",SH.DTH.COMM.ZS,..,4.7599854163992,..,..,..,..
Germany,DEU,CO2 emissions (metric tons per capita),EN.ATM.CO2E.PC,8.53704268780674,7.9271876239049,7.2552210281684,..,..,..
Germany,DEU,Control of Corruption: Estimate,CC.EST,1.89832532405853,1.86536622047424,1.82571387290955,1.78317177295685,1.81837582588196,..
Germany,DEU,Economic and Social Rights Performance Score,SD.ESR.PERF.XQ,2.424605632,..,..,..,..,..
Germany,DEU,Government Effectiveness: Estimate,GE.EST,1.52358090877533,1.49546587467194,1.31406188011169,1.29082775115967,1.2898074388504,..
Germany,DEU,"Government expenditure on education, total (% of government expenditure)",SE.XPD.TOTL.GB.ZS,9.63820171356201,9.71987533569336,9.19867610931396,8.84707832336426,..,..
Germany,DEU,"Life expectancy at birth, total (years)",SP.DYN.LE00.IN,80.8926829268293,81.2926829268293,81.0414634146342,..,..,..
Germany,DEU,Methane emissions (metric tons of CO2 equivalent per capita),EN.ATM.METH.PC,0.598213979213175,0.583080283141188,0.564178799546243,..,..,..
Germany,DEU,"Mortality rate, under-5 (per 1,000 live births)",SH.DYN.MORT,3.8,3.7,3.6,3.6,..,..
Germany,DEU,Nitrous oxide emissions (metric tons of CO2 equivalent per capita),EN.ATM.NOXE.PC,0.420251175967437,0.421621828693506,0.406622828661811,..,..,..
Germany,DEU,"PM2.5 air pollution, mean annual exposure (micrograms per cubic meter)",EN.ATM.PM25.MC.M3,11.92460308,11.80580716,..,..,..,..
Germany,DEU,Political Stability and Absence of Violence/Terrorism: Estimate,PV.EST,0.577707588672638,0.548454642295837,0.644988059997559,0.725666701793671,0.614759147167206,..
Germany,DEU,Proportion of seats held by women in national parliaments (%),SG.GEN.PARL.ZS,30.7475317348378,30.8885754583921,31.1706629055007,34.9184782608696,34.9184782608696,..
Germany,DEU,Regulatory Quality: Estimate,RQ.EST,1.75632679462433,1.71493887901306,1.57793474197388,1.62516117095947,1.52229499816895,..
Germany,DEU,Renewable energy consumption (% of total final energy consumption),EG.FEC.RNEW.ZS,16.04,17.07,18.6,..,..,..
Germany,DEU,Rule of Law: Estimate,RL.EST,1.59134912490845,1.58125305175781,1.51979923248291,1.57233679294586,1.53315436840057,..
Germany,DEU,"School enrollment, primary and secondary (gross), gender parity index (GPI)",SE.ENR.PRSC.FM.ZS,0.960990011692047,0.965369999408722,0.970099985599518,..,..,..
Germany,DEU,Strength of legal rights index (0=weak to 12=strong),IC.LGL.CRED.XQ,6,6,..,..,..,..
Germany,DEU,Voice and Accountability: Estimate,VA.EST,1.44279527664185,1.35365509986877,1.37361109256744,1.42001807689667,1.4095424413681,..
Germany,DEU,Terrestrial and marine protected areas (% of total territorial area),ER.PTD.TOTL.ZS,38.7874034693079,38.4691053780516,38.8328754291051,38.541715356119,38.6587566328831,..
Germany,DEU,Tree Cover Loss (hectares),AG.LND.FRLS.HA,52237,108233,186940,202278,..,..
Germany,DEU,Level of water stress: freshwater withdrawal as a proportion of available freshwater resources,ER.H2O.FWST.ZS,33.5019188596,33.5019188596,33.5019188596,..,..,..
Greece,GRC,Access to clean fuels and technologies for cooking (% of population),EG.CFT.ACCS.ZS,100,100,100,100,..,..
Greece,GRC,"Cause of death, by communicable diseases and maternal, prenatal and nutrition conditions (% of total)",SH.DTH.COMM.ZS,..,12.8546065898118,..,..,..,..
Greece,GRC,CO2 emissions (metric tons per capita),EN.ATM.CO2E.PC,6.05813051890443,5.59528435262632,4.76718493701839,..,..,..
Greece,GRC,Control of Corruption: Estimate,CC.EST,-0.0557379238307476,0.0140720242634416,0.0320753939449787,0.183452636003494,0.0377966053783894,..
Greece,GRC,Economic and Social Rights Performance Score,SD.ESR.PERF.XQ,2.369789554,..,..,..,..,..
Greece,GRC,Government Effectiveness: Estimate,GE.EST,0.258635640144348,0.31449168920517,0.403194963932037,0.406721621751785,0.447398781776428,..
Greece,GRC,"Government expenditure on education, total (% of government expenditure)",SE.XPD.TOTL.GB.ZS,8.45666408538818,8.35541915893555,7.53919172286987,7.11189556121826,..,..
Greece,GRC,"Life expectancy at birth, total (years)",SP.DYN.LE00.IN,81.7878048780488,81.6390243902439,81.2878048780488,..,..,..
Greece,GRC,Methane emissions (metric tons of CO2 equivalent per capita),EN.ATM.METH.PC,0.872661625274553,0.871279164959052,0.879164204023349,..,..,..
Greece,GRC,"Mortality rate, under-5 (per 1,000 live births)",SH.DYN.MORT,4.2,4,3.9,3.7,..,..
Greece,GRC,Nitrous oxide emissions (metric tons of CO2 equivalent per capita),EN.ATM.NOXE.PC,0.410560560900604,0.412170721354367,0.41344178990165,..,..,..
Greece,GRC,"PM2.5 air pollution, mean annual exposure (micrograms per cubic meter)",EN.ATM.PM25.MC.M3,14.51537033,14.2538714,..,..,..,..
Greece,GRC,Political Stability and Absence of Violence/Terrorism: Estimate,PV.EST,0.153864294290543,0.162369400262833,0.115144267678261,0.101313188672066,0.0643030628561974,..
Greece,GRC,Proportion of seats held by women in national parliaments (%),SG.GEN.PARL.ZS,18.6666666666667,20.6666666666667,21.6666666666667,21.6666666666667,21,..
Greece,GRC,Regulatory Quality: Estimate,RQ.EST,0.402087926864624,0.517325818538666,0.53649765253067,0.426903694868088,0.464378982782364,..
Greece,GRC,Renewable energy consumption (% of total final energy consumption),EG.FEC.RNEW.ZS,17.86,18.52,20.08,..,..,..
Greece,GRC,Rule of Law: Estimate,RL.EST,0.112756364047527,0.15774168074131,0.289413630962372,0.321593731641769,0.325584709644318,..
Greece,GRC,"School enrollment, primary and secondary (gross), gender parity index (GPI)",SE.ENR.PRSC.FM.ZS,0.975350022315979,0.976090013980865,0.980000019073486,..,..,..
Greece,GRC,Strength of legal rights index (0=weak to 12=strong),IC.LGL.CRED.XQ,2,2,..,..,..,..
Greece,GRC,Voice and Accountability: Estimate,VA.EST,0.74184650182724,0.810959219932556,0.963265836238861,0.945831060409546,0.953022003173828,..
Greece,GRC,Terrestrial and marine protected areas (% of total territorial area),ER.PTD.TOTL.ZS,11.0283505287585,11.0283425069866,11.0283414195877,11.0283473269382,11.0283414195877,..
Greece,GRC,Tree Cover Loss (hectares),AG.LND.FRLS.HA,7122,7604,5427,49039,..,..
Greece,GRC,Level of water stress: freshwater withdrawal as a proportion of available freshwater resources,ER.H2O.FWST.ZS,20.4774428485,20.4632814081,20.4774428485,..,..,..
India,IND,Access to clean fuels and technologies for cooking (% of population),EG.CFT.ACCS.ZS,59.5,63.3,67.3,71.1,..,..
India,IND,"Cause of death, by communicable diseases and maternal, prenatal and nutrition conditions (% of total)",SH.DTH.COMM.ZS,..,24.166184366593,..,..,..,..
India,IND,CO2 emissions (metric tons per capita),EN.ATM.CO2E.PC,1.79559529858433,1.75253436625037,1.57609323191648,..,..,..
India,IND,Control of Corruption: Estimate,CC.EST,-0.229412421584129,-0.302205294370651,-0.292916029691696,-0.316493511199951,-0.321810871362686,..
India,IND,Economic and Social Rights Performance Score,SD.ESR.PERF.XQ,2.078114933,..,..,..,..,..
India,IND,Government Effectiveness: Estimate,GE.EST,0.262748897075653,0.13084465265274,0.375041097402573,0.250856310129166,0.370331406593323,..
India,IND,"Government expenditure on education, total (% of government expenditure)",SE.XPD.TOTL.GB.ZS,..,14.9984302520752,14.7189445495605,14.6473617553711,..,..
India,IND,"Life expectancy at birth, total (years)",SP.DYN.LE00.IN,70.71,70.91,70.15,..,..,..
India,IND,Methane emissions (metric tons of CO2 equivalent per capita),EN.ATM.METH.PC,0.50802913634454,0.503525209833867,0.49961408065888,..,..,..
India,IND,"Mortality rate, under-5 (per 1,000 live births)",SH.DYN.MORT,36.4,34.3,32.4,30.6,..,..
India,IND,Nitrous oxide emissions (metric tons of CO2 equivalent per capita),EN.ATM.NOXE.PC,0.191559627760315,0.195425248952173,0.199804041519211,..,..,..
India,IND,"PM2.5 air pollution, mean annual exposure (micrograms per cubic meter)",EN.ATM.PM25.MC.M3,83.04086375,83.19931634,..,..,..,..
India,IND,Political Stability and Absence of Violence/Terrorism: Estimate,PV.EST,-0.997705161571503,-0.796840608119965,-0.841136157512665,-0.691997945308685,-0.568608164787292,..
India,IND,Proportion of seats held by women in national parliaments (%),SG.GEN.PARL.ZS,11.8081180811808,14.3911439114391,14.3646408839779,14.4444444444444,14.9446494464945,..
India,IND,Regulatory Quality: Estimate,RQ.EST,-0.225996732711792,-0.150565445423126,-0.128488674759865,-0.0908545926213264,-0.0504464171826839,..
India,IND,Renewable energy consumption (% of total final energy consumption),EG.FEC.RNEW.ZS,32.73,33.27,35.82,..,..,..
India,IND,Rule of Law: Estimate,RL.EST,-0.000957082957029343,-0.06662368029356,-0.057718563824892,-0.108277000486851,0.11470004171133,..
India,IND,"School enrollment, primary and secondary (gross), gender parity index (GPI)",SE.ENR.PRSC.FM.ZS,1.01533448696136,1.01977431774139,1.00732743740082,0.991640269756317,..,..
India,IND,Strength of legal rights index (0=weak to 12=strong),IC.LGL.CRED.XQ,9,9,..,..,..,..
India,IND,Voice and Accountability: Estimate,VA.EST,0.36043393611908,0.268094271421433,0.126321062445641,0.0909888669848442,0.0509058088064194,..
India,IND,Terrestrial and marine protected areas (% of total territorial area),ER.PTD.TOTL.ZS,3.47930689489956,3.4793065712489,3.4793065712489,4.39560904389773,4.39560904389773,..
India,IND,Tree Cover Loss (hectares),AG.LND.FRLS.HA,132233,121154,137716,132748,..,..
India,IND,Level of water stress: freshwater withdrawal as a proportion of available freshwater resources,ER.H2O.FWST.ZS,66.4920928322,66.4920928322,66.4920928322,..,..,..
Indonesia,IDN,Access to clean fuels and technologies for cooking (% of population),EG.CFT.ACCS.ZS,78.5,81.6,84.4,86.9,..,..
Indonesia,IDN,"Cause of death, by communicable diseases and maternal, prenatal and nutrition conditions (% of total)",SH.DTH.COMM.ZS,..,18.9256595520418,..,..,..,..
Indonesia,IDN,CO2 emissions (metric tons per capita),EN.ATM.CO2E.PC,2.12683683837158,2.24528577070833,2.07165896221472,..,..,..
Indonesia,IDN,Control of Corruption: Estimate,CC.EST,-0.29945981502533,-0.473180323839188,-0.454076617956162,-0.449074685573578,-0.434910655021667,..
Indonesia,IDN,Economic and Social Rights Performance Score,SD.ESR.PERF.XQ,2.11695855,..,..,..,..,..
Indonesia,IDN,Government Effectiveness: Estimate,GE.EST,0.141279011964798,0.138761013746262,0.317363321781158,0.347363114356995,0.436999291181564,..
Indonesia,IDN,"Government expenditure on education, total (% of government expenditure)",SE.XPD.TOTL.GB.ZS,16.7957096099854,17.33811378479,17.9436836242676,16.0678157806396,..,..
Indonesia,IDN,"Life expectancy at birth, total (years)",SP.DYN.LE00.IN,70.338,70.518,68.808,..,..,..
Indonesia,IDN,Methane emissions (metric tons of CO2 equivalent per capita),EN.ATM.METH.PC,1.25572534588279,1.25977141211468,1.22856397956624,..,..,..
Indonesia,IDN,"Mortality rate, under-5 (per 1,000 live births)",SH.DYN.MORT,24.6,23.8,22.9,22.2,..,..
Indonesia,IDN,Nitrous oxide emissions (metric tons of CO2 equivalent per capita),EN.ATM.NOXE.PC,0.276590358354594,0.269024903354582,0.278070356333493,..,..,..
Indonesia,IDN,"PM2.5 air pollution, mean annual exposure (micrograms per cubic meter)",EN.ATM.PM25.MC.M3,19.11325719,19.37146134,..,..,..,..
Indonesia,IDN,Political Stability and Absence of Violence/Terrorism: Estimate,PV.EST,-0.552077412605286,-0.502156674861908,-0.462322682142258,-0.531467199325562,-0.439423859119415,..
Indonesia,IDN,Proportion of seats held by women in national parliaments (%),SG.GEN.PARL.ZS,19.8214285714286,17.3913043478261,20.3478260869565,21.0434782608696,21.9130434782609,..
Indonesia,IDN,Regulatory Quality: Estimate,RQ.EST,-0.0218164678663015,0.0289513897150755,0.216156706213951,0.287561029195786,0.205959960818291,..
Indonesia,IDN,Renewable energy consumption (% of total final energy consumption),EG.FEC.RNEW.ZS,22.05,19.77,22.01,..,..,..
Indonesia,IDN,Rule of Law: Estimate,RL.EST,-0.313785791397095,-0.346690058708191,-0.362381368875504,-0.253610879182816,-0.188954651355743,..
Indonesia,IDN,"School enrollment, primary and secondary (gross), gender parity index (GPI)",SE.ENR.PRSC.FM.ZS,0.993399977684021,..,..,..,..,..
Indonesia,IDN,Strength of legal rights index (0=weak to 12=strong),IC.LGL.CRED.XQ,6,6,..,..,..,..
Indonesia,IDN,Voice and Accountability: Estimate,VA.EST,0.162236914038658,0.131288319826126,0.0991333574056625,0.149607941508293,0.141518741846085,..
Indonesia,IDN,Terrestrial and marine protected areas (% of total territorial area),ER.PTD.TOTL.ZS,5.26823344567267,5.26823969424399,5.26844355421237,5.26844355421237,5.26844355421237,..
Indonesia,IDN,Tree Cover Loss (hectares),AG.LND.FRLS.HA,1218733,1176884,961588,841391,..,..
Indonesia,IDN,Level of water stress: freshwater withdrawal as a proportion of available freshwater resources,ER.H2O.FWST.ZS,29.6965452848,29.6965452848,29.6965452848,..,..,..
Ireland,IRL,Access to clean fuels and technologies for cooking (% of population),EG.CFT.ACCS.ZS,100,100,100,100,..,..
Ireland,IRL,"Cause of death, by communicable diseases and maternal, prenatal and nutrition conditions (% of total)",SH.DTH.COMM.ZS,..,5.68459569024138,..,..,..,..
Ireland,IRL,CO2 emissions (metric tons per capita),EN.ATM.CO2E.PC,7.69902755440575,7.25774875667262,6.76822759018266,..,..,..
Ireland,IRL,Control of Corruption: Estimate,CC.EST,1.5346816778183,1.45883345603943,1.53513503074646,1.61967813968658,1.67444837093353,..
Ireland,IRL,Economic and Social Rights Performance Score,SD.ESR.PERF.XQ,2.428728969,..,..,..,..,..
Ireland,IRL,Government Effectiveness: Estimate,GE.EST,1.37823557853699,1.2576550245285,1.43574929237366,1.4654449224472,1.54913818836212,..
Ireland,IRL,"Government expenditure on education, total (% of government expenditure)",SE.XPD.TOTL.GB.ZS,12.4752531051636,..,11.8775758743286,12.0236730575562,..,..
Ireland,IRL,"Life expectancy at birth, total (years)",SP.DYN.LE00.IN,82.2048780487805,82.7024390243903,82.5560975609756,..,..,..
Ireland,IRL,Methane emissions (metric tons of CO2 equivalent per capita),EN.ATM.METH.PC,3.11940499034786,3.08546704726468,3.05950970858402,..,..,..
Ireland,IRL,"Mortality rate, under-5 (per 1,000 live births)",SH.DYN.MORT,3.4,3.3,3.2,3.1,..,..
Ireland,IRL,Nitrous oxide emissions (metric tons of CO2 equivalent per capita),EN.ATM.NOXE.PC,2.00988430071111,1.93582352492937,1.92019357573803,..,..,..
Ireland,IRL,"PM2.5 air pollution, mean annual exposure (micrograms per cubic meter)",EN.ATM.PM25.MC.M3,7.916850375,7.854094218,..,..,..,..
Ireland,IRL,Political Stability and Absence of Violence/Terrorism: Estimate,PV.EST,1.01116824150085,0.959303259849548,0.965446054935455,0.843531429767609,0.881889522075653,..
Ireland,IRL,Proportion of seats held by women in national parliaments (%),SG.GEN.PARL.ZS,22.1518987341772,22.1518987341772,22.5,22.5,23.125,..
Ireland,IRL,Regulatory Quality: Estimate,RQ.EST,1.61936497688293,1.59087955951691,1.4674471616745,1.55254113674164,1.63956081867218,..
Ireland,IRL,Renewable energy consumption (% of total final energy consumption),EG.FEC.RNEW.ZS,10.83,12.33,13.69,..,..,..
Ireland,IRL,Rule of Law: Estimate,RL.EST,1.41238701343536,1.34780561923981,1.45693945884705,1.493408203125,1.5274144411087,..
Ireland,IRL,"School enrollment, primary and secondary (gross), gender parity index (GPI)",SE.ENR.PRSC.FM.ZS,1.0602400302887,1.04007995128632,1.04173004627228,..,..,..
Ireland,IRL,Strength of legal rights index (0=weak to 12=strong),IC.LGL.CRED.XQ,7,7,..,..,..,..
Ireland,IRL,Voice and Accountability: Estimate,VA.EST,1.29546582698822,1.30319917201996,1.38950836658478,1.41824901103973,1.44950783252716,..
Ireland,IRL,Terrestrial and marine protected areas (% of total territorial area),ER.PTD.TOTL.ZS,4.04223100626643,4.0418745023801,4.0411469032234,4.04114690523721,4.04113649784499,..
Ireland,IRL,Tree Cover Loss (hectares),AG.LND.FRLS.HA,8380,10370,6207,8780,..,..
Ireland,IRL,Level of water stress: freshwater withdrawal as a proportion of available freshwater resources,ER.H2O.FWST.ZS,20.0421348315,21.5688202247,21.6404494382,..,..,..
Italy,ITA,Access to clean fuels and technologies for cooking (% of population),EG.CFT.ACCS.ZS,100,100,100,100,..,..
Italy,ITA,"Cause of death, by communicable diseases and maternal, prenatal and nutrition conditions (% of total)",SH.DTH.COMM.ZS,..,5.50478804647942,..,..,..,..
Italy,ITA,CO2 emissions (metric tons per capita),EN.ATM.CO2E.PC,5.37694036055885,5.31103098673157,4.73237277079935,..,..,..
Italy,ITA,Control of Corruption: Estimate,CC.EST,0.21592815220356,0.234261184930801,0.509864330291748,0.517414450645447,0.52778172492981,..
Italy,ITA,Economic and Social Rights Performance Score,SD.ESR.PERF.XQ,2.441058227,..,..,..,..,..
Italy,ITA,Government Effectiveness: Estimate,GE.EST,0.409032583236694,0.451061338186264,0.360985457897186,0.326035767793655,0.449057072401047,..
Italy,ITA,"Government expenditure on education, total (% of government expenditure)",SE.XPD.TOTL.GB.ZS,8.11164093017578,8.04736328125,7.4938817024231,7.43716192245483,..,..
Italy,ITA,"Life expectancy at birth, total (years)",SP.DYN.LE00.IN,83.3463414634146,83.4975609756098,82.1951219512195,..,..,..
Italy,ITA,Methane emissions (metric tons of CO2 equivalent per capita),EN.ATM.METH.PC,0.736849114954612,0.741016912850208,0.738383267873062,..,..,..
Italy,ITA,"Mortality rate, under-5 (per 1,000 live births)",SH.DYN.MORT,3.2,3,2.8,2.6,..,..
Italy,ITA,Nitrous oxide emissions (metric tons of CO2 equivalent per capita),EN.ATM.NOXE.PC,0.27266423156161,0.275417847128771,0.269010274778024,..,..,..
Italy,ITA,"PM2.5 air pollution, mean annual exposure (micrograms per cubic meter)",EN.ATM.PM25.MC.M3,16.26524128,16.08828133,..,..,..,..
Italy,ITA,Political Stability and Absence of Violence/Terrorism: Estimate,PV.EST,0.326139509677887,0.381040453910828,0.39929535984993,0.550413906574249,0.413505375385284,..
Italy,ITA,Proportion of seats held by women in national parliaments (%),SG.GEN.PARL.ZS,35.7142857142857,35.7142857142857,35.7142857142857,35.7142857142857,32.25,..
Italy,ITA,Regulatory Quality: Estimate,RQ.EST,0.715148270130157,0.942923724651337,0.487740814685822,0.526738524436951,0.510931491851807,..
Italy,ITA,Renewable energy consumption (% of total final energy consumption),EG.FEC.RNEW.ZS,17.08,17.27,18.69,..,..,..
Italy,ITA,Rule of Law: Estimate,RL.EST,0.240896880626678,0.273004680871964,0.207708835601807,0.240628808736801,0.297009468078613,..
Italy,ITA,"School enrollment, primary and secondary (gross), gender parity index (GPI)",SE.ENR.PRSC.FM.ZS,0.978990018367767,0.983399987220764,0.990440011024475,..,..,..
Italy,ITA,Strength of legal rights index (0=weak to 12=strong),IC.LGL.CRED.XQ,2,2,..,..,..,..
Italy,ITA,Voice and Accountability: Estimate,VA.EST,0.963564574718475,0.905116975307465,1.05466663837433,1.08490908145905,1.07030594348907,..
Italy,ITA,Terrestrial and marine protected areas (% of total territorial area),ER.PTD.TOTL.ZS,13.3653061047713,13.3348722756161,13.9525919902193,13.9522927482132,14.5439513188323,..
Italy,ITA,Tree Cover Loss (hectares),AG.LND.FRLS.HA,38844,59705,28246,28264,..,..
Italy,ITA,Level of water stress: freshwater withdrawal as a proportion of available freshwater resources,ER.H2O.FWST.ZS,29.6810291656,29.8220107498,29.6457837695,..,..,..
Japan,JPN,Access to clean fuels and technologies for cooking (% of population),EG.CFT.ACCS.ZS,100,100,100,100,..,..
Japan,JPN,"Cause of death, by communicable diseases and maternal, prenatal and nutrition conditions (% of total)",SH.DTH.COMM.ZS,..,10.2966193961317,..,..,..,..
Japan,JPN,CO2 emissions (metric tons per capita),EN.ATM.CO2E.PC,8.76197885041518,8.47840057488964,8.0314958696668,..,..,..
Japan,JPN,Control of Corruption: Estimate,CC.EST,1.38864803314209,1.43116724491119,1.46393418312073,1.53605020046234,1.53997182846069,..
Japan,JPN,Economic and Social Rights Performance Score,SD.ESR.PERF.XQ,2.465823625,..,..,..,..,..
Japan,JPN,Government Effectiveness: Estimate,GE.EST,1.63468813896179,1.55019092559814,1.54766714572906,1.3627552986145,1.61974680423737,..
Japan,JPN,"Government expenditure on education, total (% of government expenditure)",SE.XPD.TOTL.GB.ZS,8.12938404083252,8.14637565612793,7.29284954071045,7.42792320251465,..,..
Japan,JPN,"Life expectancy at birth, total (years)",SP.DYN.LE00.IN,84.2109756097561,84.3563414634146,84.56,..,..,..
Japan,JPN,Methane emissions (metric tons of CO2 equivalent per capita),EN.ATM.METH.PC,0.209610407693339,0.206543822463339,0.204206463832854,..,..,..
Japan,JPN,"Mortality rate, under-5 (per 1,000 live births)",SH.DYN.MORT,2.5,2.5,2.4,2.3,..,..
Japan,JPN,Nitrous oxide emissions (metric tons of CO2 equivalent per capita),EN.ATM.NOXE.PC,0.149681496400155,0.149173796640686,0.146509257252833,..,..,..
Japan,JPN,"PM2.5 air pollution, mean annual exposure (micrograms per cubic meter)",EN.ATM.PM25.MC.M3,13.47597168,13.46980666,..,..,..,..
Japan,JPN,Political Stability and Absence of Violence/Terrorism: Estimate,PV.EST,1.03735864162445,1.01969504356384,1.02606689929962,1.01535642147064,1.07391095161438,..
Japan,JPN,Proportion of seats held by women in national parliaments (%),SG.GEN.PARL.ZS,10.1075268817204,10.1075268817204,9.89247311827957,9.67741935483871,9.91379310344828,..
Japan,JPN,Regulatory Quality: Estimate,RQ.EST,1.33422780036926,1.31464898586273,1.3470870256424,1.36984014511108,1.43877255916595,..
Japan,JPN,Renewable energy consumption (% of total final energy consumption),EG.FEC.RNEW.ZS,7.26,7.76,8.45,..,..,..
Japan,JPN,Rule of Law: Estimate,RL.EST,1.49416756629944,1.49700272083282,1.47368693351746,1.54056346416473,1.55824029445648,..
Japan,JPN,"School enrollment, primary and secondary (gross), gender parity index (GPI)",SE.ENR.PRSC.FM.ZS,1.00345003604889,1.0034099817276,..,..,..,..
Japan,JPN,Strength of legal rights index (0=weak to 12=strong),IC.LGL.CRED.XQ,5,5,..,..,..,..
Japan,JPN,Voice and Accountability: Estimate,VA.EST,0.99475222826004,0.929792582988739,0.983319520950317,1.06673097610474,1.01706731319427,..
Japan,JPN,Terrestrial and marine protected areas (% of total territorial area),ER.PTD.TOTL.ZS,10.0262887092871,10.0262880741963,10.0262020412695,15.2354423763212,15.2354423763212,..
Japan,JPN,Tree Cover Loss (hectares),AG.LND.FRLS.HA,50502,51375,48053,48452,..,..
Japan,JPN,Level of water stress: freshwater withdrawal as a proportion of available freshwater resources,ER.H2O.FWST.ZS,36.367816092,36.0459770115,36.0459770115,..,..,..
"Korea, Rep.",KOR,Access to clean fuels and technologies for cooking (% of population),EG.CFT.ACCS.ZS,100,100,100,100,..,..
"Korea, Rep.",KOR,"Cause of death, by communicable diseases and maternal, prenatal and nutrition conditions (% of total)",SH.DTH.COMM.ZS,..,12.8287871492843,..,..,..,..
"Korea, Rep.",KOR,CO2 emissions (metric tons per capita),EN.ATM.CO2E.PC,12.2164561683734,11.8252835873752,10.9900295814285,..,..,..
"Korea, Rep.",KOR,Control of Corruption: Estimate,CC.EST,0.57312136888504,0.705077528953552,0.698436558246613,0.733705759048462,0.748461604118347,..
"Korea, Rep.",KOR,Economic and Social Rights Performance Score,SD.ESR.PERF.XQ,2.573860662,..,..,..,..,..
"Korea, Rep.",KOR,Government Effectiveness: Estimate,GE.EST,1.13534736633301,1.33259665966034,1.37035512924194,1.36732113361359,1.34957349300385,..
"Korea, Rep.",KOR,"Government expenditure on education, total (% of government expenditure)",SE.XPD.TOTL.GB.ZS,14.3129301071167,13.8308200836182,12.8317098617554,..,..,..
"Korea, Rep.",KOR,"Life expectancy at birth, total (years)",SP.DYN.LE00.IN,82.6268292682927,83.2268292682927,83.4268292682927,..,..,..
"Korea, Rep.",KOR,Methane emissions (metric tons of CO2 equivalent per capita),EN.ATM.METH.PC,0.43156061625442,0.426810673665602,0.424223103261793,..,..,..
"Korea, Rep.",KOR,"Mortality rate, under-5 (per 1,000 live births)",SH.DYN.MORT,3.2,3.1,3,2.9,..,..
"Korea, Rep.",KOR,Nitrous oxide emissions (metric tons of CO2 equivalent per capita),EN.ATM.NOXE.PC,0.199782860765612,0.199202652527232,0.194782546627274,..,..,..
"Korea, Rep.",KOR,"PM2.5 air pollution, mean annual exposure (micrograms per cubic meter)",EN.ATM.PM25.MC.M3,27.43635201,27.44033926,..,..,..,..
"Korea, Rep.",KOR,Political Stability and Absence of Violence/Terrorism: Estimate,PV.EST,0.638081014156342,0.546021044254303,0.608559489250183,0.62952595949173,0.56241101026535,..
"Korea, Rep.",KOR,Proportion of seats held by women in national parliaments (%),SG.GEN.PARL.ZS,17,16.6666666666667,19,19,18.6440677966102,..
"Korea, Rep.",KOR,Regulatory Quality: Estimate,RQ.EST,1.09374976158142,1.05925858020782,1.02495074272156,1.09228515625,1.1452225446701,..
"Korea, Rep.",KOR,Renewable energy consumption (% of total final energy consumption),EG.FEC.RNEW.ZS,3.18,3.23,3.63,..,..,..
"Korea, Rep.",KOR,Rule of Law: Estimate,RL.EST,1.199627161026,1.15671002864838,1.14733135700226,1.09629344940186,1.15970313549042,..
"Korea, Rep.",KOR,"School enrollment, primary and secondary (gross), gender parity index (GPI)",SE.ENR.PRSC.FM.ZS,0.995530009269714,0.9964200258255,0.9964200258255,..,..,..
"Korea, Rep.",KOR,Strength of legal rights index (0=weak to 12=strong),IC.LGL.CRED.XQ,5,5,..,..,..,..
"Korea, Rep.",KOR,Voice and Accountability: Estimate,VA.EST,0.798121333122253,0.751704931259155,0.822011470794678,0.93204939365387,0.872202396392822,..
"Korea, Rep.",KOR,Terrestrial and marine protected areas (% of total territorial area),ER.PTD.TOTL.ZS,3.99024573773508,5.54605195130945,5.809074998156,5.86193513145444,5.86193513145444,..
"Korea, Rep.",KOR,Tree Cover Loss (hectares),AG.LND.FRLS.HA,21850,20732,20123,17344,..,..
"Korea, Rep.",KOR,Level of water stress: freshwater withdrawal as a proportion of available freshwater resources,ER.H2O.FWST.ZS,85.2218330414,85.2218330414,85.2218330414,..,..,..
Malaysia,MYS,Access to clean fuels and technologies for cooking (% of population),EG.CFT.ACCS.ZS,95.2,94.9,94.2,93.8,..,..
Malaysia,MYS,"Cause of death, by communicable diseases and maternal, prenatal and nutrition conditions (% of total)",SH.DTH.COMM.ZS,..,18.138603074633,..,..,..,..
Malaysia,MYS,CO2 emissions (metric tons per capita),EN.ATM.CO2E.PC,7.4523713820598,7.46499971649816,7.38371541222915,..,..,..
Malaysia,MYS,Control of Corruption: Estimate,CC.EST,0.300330877304077,0.233307585120201,0.229109853506088,0.146786317229271,0.249183893203735,..
Malaysia,MYS,Economic and Social Rights Performance Score,SD.ESR.PERF.XQ,2.246856017,..,..,..,..,..
Malaysia,MYS,Government Effectiveness: Estimate,GE.EST,1.05384254455566,0.967821717262268,1.02247262001038,0.953544080257416,0.993270576000214,..
Malaysia,MYS,"Government expenditure on education, total (% of government expenditure)",SE.XPD.TOTL.GB.ZS,20.7007713317871,19.1384525299072,21.5810375213623,20.4625778198242,20.14967918396,..
Malaysia,MYS,"Life expectancy at birth, total (years)",SP.DYN.LE00.IN,75.644,75.76,75.938,..,..,..
Malaysia,MYS,Methane emissions (metric tons of CO2 equivalent per capita),EN.ATM.METH.PC,1.17110885241832,1.16050423880976,1.11974716169368,..,..,..
Malaysia,MYS,"Mortality rate, under-5 (per 1,000 live births)",SH.DYN.MORT,8,7.9,7.7,7.6,..,..
Malaysia,MYS,Nitrous oxide emissions (metric tons of CO2 equivalent per capita),EN.ATM.NOXE.PC,0.279486047942252,0.282197229394446,0.279069212665195,..,..,..
Malaysia,MYS,"PM2.5 air pollution, mean annual exposure (micrograms per cubic meter)",EN.ATM.PM25.MC.M3,16.46084288,16.59099631,..,..,..,..
Malaysia,MYS,Political Stability and Absence of Violence/Terrorism: Estimate,PV.EST,0.247989401221275,0.146066397428513,0.124463096261024,0.0587539859116077,0.140358164906502,..
Malaysia,MYS,Proportion of seats held by women in national parliaments (%),SG.GEN.PARL.ZS,13.9013452914798,14.4144144144144,14.8648648648649,14.8648648648649,13.5746606334842,..
Malaysia,MYS,Regulatory Quality: Estimate,RQ.EST,0.575907409191132,0.547572374343872,0.666613459587097,0.714465439319611,0.644006609916687,..
Malaysia,MYS,Renewable energy consumption (% of total final energy consumption),EG.FEC.RNEW.ZS,5.31,5.59,5.84,..,..,..
Malaysia,MYS,Rule of Law: Estimate,RL.EST,0.529128134250641,0.491362243890762,0.572214603424072,0.532973885536194,0.561897993087769,..
Malaysia,MYS,"School enrollment, primary and secondary (gross), gender parity index (GPI)",SE.ENR.PRSC.FM.ZS,1.04651999473572,1.04038000106812,1.03951001167297,..,..,..
Malaysia,MYS,Strength of legal rights index (0=weak to 12=strong),IC.LGL.CRED.XQ,7,7,..,..,..,..
Malaysia,MYS,Voice and Accountability: Estimate,VA.EST,-0.100061126053333,-0.0478364825248718,-0.155352875590324,-0.165285885334015,-0.00209344946779311,..
Malaysia,MYS,Terrestrial and marine protected areas (% of total territorial area),ER.PTD.TOTL.ZS,8.98554474171629,8.98544308731585,7.54807340769765,8.84608979586651,8.84608979586651,..
Malaysia,MYS,Tree Cover Loss (hectares),AG.LND.FRLS.HA,437985,395367,268721,277554,..,..
Malaysia,MYS,Level of water stress: freshwater withdrawal as a proportion of available freshwater resources,ER.H2O.FWST.ZS,3.4394871795,3.4394871795,3.4394871795,..,..,..
Netherlands,NLD,Access to clean fuels and technologies for cooking (% of population),EG.CFT.ACCS.ZS,100,100,100,100,..,..
Netherlands,NLD,"Cause of death, by communicable diseases and maternal, prenatal and nutrition conditions (% of total)",SH.DTH.COMM.ZS,..,6.00082384419398,..,..,..,..
Netherlands,NLD,CO2 emissions (metric tons per capita),EN.ATM.CO2E.PC,8.78514410481566,8.41396927991521,7.4715534787719,..,..,..
Netherlands,NLD,Control of Corruption: Estimate,CC.EST,1.88895213603973,1.86780214309692,2.00024700164795,2.00462627410889,1.91718029975891,..
Netherlands,NLD,Economic and Social Rights Performance Score,SD.ESR.PERF.XQ,2.502264079,..,..,..,..,..
Netherlands,NLD,Government Effectiveness: Estimate,GE.EST,1.80971109867096,1.76726531982422,1.80571496486664,1.72705924510956,1.57946932315826,..
Netherlands,NLD,"Government expenditure on education, total (% of government expenditure)",SE.XPD.TOTL.GB.ZS,11.9594812393188,11.8349256515503,10.9442539215088,11.019962310791,..,..
Netherlands,NLD,"Life expectancy at birth, total (years)",SP.DYN.LE00.IN,81.8121951219512,82.1121951219512,81.3585365853659,..,..,..
Netherlands,NLD,Methane emissions (metric tons of CO2 equivalent per capita),EN.ATM.METH.PC,0.901206871157356,0.895918718118102,0.87151773643322,..,..,..
Netherlands,NLD,"Mortality rate, under-5 (per 1,000 live births)",SH.DYN.MORT,4,4,4.1,4.1,..,..
Netherlands,NLD,Nitrous oxide emissions (metric tons of CO2 equivalent per capita),EN.ATM.NOXE.PC,0.490088688506667,0.490094944246928,0.477992781870825,..,..,..
Netherlands,NLD,"PM2.5 air pollution, mean annual exposure (micrograms per cubic meter)",EN.ATM.PM25.MC.M3,12.07642052,12.0392862,..,..,..,..
Netherlands,NLD,Political Stability and Absence of Violence/Terrorism: Estimate,PV.EST,0.838097333908081,0.821221172809601,0.830863893032074,0.892923951148987,0.717304825782776,..
Netherlands,NLD,Proportion of seats held by women in national parliaments (%),SG.GEN.PARL.ZS,36,31.3333333333333,33.3333333333333,39.3333333333333,40.6666666666667,..
Netherlands,NLD,Regulatory Quality: Estimate,RQ.EST,2.01364374160767,1.84916996955872,1.74825215339661,1.73918282985687,1.71227204799652,..
Netherlands,NLD,Renewable energy consumption (% of total final energy consumption),EG.FEC.RNEW.ZS,7.44,8.61,10.79,..,..,..
Netherlands,NLD,Rule of Law: Estimate,RL.EST,1.74473142623901,1.73514080047607,1.70814049243927,1.69880509376526,1.65742564201355,..
Netherlands,NLD,"School enrollment, primary and secondary (gross), gender parity index (GPI)",SE.ENR.PRSC.FM.ZS,1.00550997257233,1.0064799785614,1.0083099603653,..,..,..
Netherlands,NLD,Strength of legal rights index (0=weak to 12=strong),IC.LGL.CRED.XQ,2,2,..,..,..,..
Netherlands,NLD,Voice and Accountability: Estimate,VA.EST,1.49929475784302,1.48340129852295,1.51986396312714,1.49022936820984,1.54186487197876,..
Netherlands,NLD,Terrestrial and marine protected areas (% of total territorial area),ER.PTD.TOTL.ZS,21.2099164976154,25.3090326090471,25.3109343963498,25.3079470385988,25.3069573160867,..
Netherlands,NLD,Tree Cover Loss (hectares),AG.LND.FRLS.HA,1271,2481,1922,2457,..,..
Netherlands,NLD,Level of water stress: freshwater withdrawal as a proportion of available freshwater resources,ER.H2O.FWST.ZS,16.3669836132,17.0006069189,16.8035605907,..,..,..
New Zealand,NZL,Access to clean fuels and technologies for cooking (% of population),EG.CFT.ACCS.ZS,100,100,100,100,..,..
New Zealand,NZL,"Cause of death, by communicable diseases and maternal, prenatal and nutrition conditions (% of total)",SH.DTH.COMM.ZS,..,4.35473043131918,..,..,..,..
New Zealand,NZL,CO2 emissions (metric tons per capita),EN.ATM.CO2E.PC,6.61327184426397,6.83005302056555,6.16079918274331,..,..,..
New Zealand,NZL,Control of Corruption: Estimate,CC.EST,2.1350314617157,2.13102984428406,2.11714220046997,2.17015552520752,2.16333413124084,..
New Zealand,NZL,Economic and Social Rights Performance Score,SD.ESR.PERF.XQ,2.502148983,..,..,..,..,..
New Zealand,NZL,Government Effectiveness: Estimate,GE.EST,1.6288366317749,1.63260245323181,1.53899621963501,1.30689489841461,1.34053194522858,..
New Zealand,NZL,"Government expenditure on education, total (% of government expenditure)",SE.XPD.TOTL.GB.ZS,15.8044004440308,15.8658418655396,14.436502456665,14.2881803512573,..,..
New Zealand,NZL,"Life expectancy at birth, total (years)",SP.DYN.LE00.IN,81.7073170731707,82.0560975609756,82.2560975609756,..,..,..
New Zealand,NZL,Methane emissions (metric tons of CO2 equivalent per capita),EN.ATM.METH.PC,6.68871328408766,6.54203088046273,6.3341198774115,..,..,..
New Zealand,NZL,"Mortality rate, under-5 (per 1,000 live births)",SH.DYN.MORT,5,4.9,4.8,4.7,..,..
New Zealand,NZL,Nitrous oxide emissions (metric tons of CO2 equivalent per capita),EN.ATM.NOXE.PC,3.07527635187528,3.01264441476542,2.92913525008841,..,..,..
New Zealand,NZL,"PM2.5 air pollution, mean annual exposure (micrograms per cubic meter)",EN.ATM.PM25.MC.M3,6.034471375,6.048305496,..,..,..,..
New Zealand,NZL,Political Stability and Absence of Violence/Terrorism: Estimate,PV.EST,1.51216089725494,1.41574943065643,1.46777844429016,1.3952362537384,1.31238234043121,..
New Zealand,NZL,Proportion of seats held by women in national parliaments (%),SG.GEN.PARL.ZS,38.3333333333333,40.8333333333333,48.3333333333333,49.1666666666667,50.4201680672269,..
New Zealand,NZL,Regulatory Quality: Estimate,RQ.EST,2.00085973739624,1.8710173368454,1.87444794178009,1.80264282226563,1.86519300937653,..
New Zealand,NZL,Renewable energy consumption (% of total final energy consumption),EG.FEC.RNEW.ZS,28.93,27.93,28.61,..,..,..
New Zealand,NZL,Rule of Law: Estimate,RL.EST,1.83372128009796,1.84366428852081,1.83871698379517,1.78184449672699,1.73179721832275,..
New Zealand,NZL,"School enrollment, primary and secondary (gross), gender parity index (GPI)",SE.ENR.PRSC.FM.ZS,1.03718996047974,1.03250002861023,1.02979004383087,..,..,..
New Zealand,NZL,Strength of legal rights index (0=weak to 12=strong),IC.LGL.CRED.XQ,12,12,..,..,..,..
New Zealand,NZL,Voice and Accountability: Estimate,VA.EST,1.60416686534882,1.53711998462677,1.59581446647644,1.59364664554596,1.63967132568359,..
New Zealand,NZL,Terrestrial and marine protected areas (% of total territorial area),ER.PTD.TOTL.ZS,30.5050632239854,30.5696170073351,30.6047651708977,30.6047651708977,30.6047651708977,..
New Zealand,NZL,Tree Cover Loss (hectares),AG.LND.FRLS.HA,79228,71431,60925,66243,..,..
New Zealand,NZL,Level of water stress: freshwater withdrawal as a proportion of available freshwater resources,ER.H2O.FWST.ZS,8.0480847596,8.0480847596,8.0480847596,..,..,..
Norway,NOR,Access to clean fuels and technologies for cooking (% of population),EG.CFT.ACCS.ZS,100,100,100,100,..,..
Norway,NOR,"Cause of death, by communicable diseases and maternal, prenatal and nutrition conditions (% of total)",SH.DTH.COMM.ZS,..,7.67957977902199,..,..,..,..
Norway,NOR,CO2 emissions (metric tons per capita),EN.ATM.CO2E.PC,7.26131587924207,7.04232094266605,6.7250800496331,..,..,..
Norway,NOR,Control of Corruption: Estimate,CC.EST,2.05011701583862,2.03383588790894,2.06585383415222,2.10870814323425,2.0677604675293,..
Norway,NOR,Economic and Social Rights Performance Score,SD.ESR.PERF.XQ,2.522422942,..,..,..,..,..
Norway,NOR,Government Effectiveness: Estimate,GE.EST,1.84516203403473,1.82778358459473,1.88818657398224,1.79795169830322,1.94218063354492,..
Norway,NOR,"Government expenditure on education, total (% of government expenditure)",SE.XPD.TOTL.GB.ZS,11.0503911972046,10.8743686676025,10.1225461959839,10.2669334411621,..,..
Norway,NOR,"Life expectancy at birth, total (years)",SP.DYN.LE00.IN,82.7585365853659,82.9585365853659,83.209756097561,..,..,..
Norway,NOR,Methane emissions (metric tons of CO2 equivalent per capita),EN.ATM.METH.PC,0.84685612893728,0.817117832882315,0.807283472643706,..,..,..
Norway,NOR,"Mortality rate, under-5 (per 1,000 live births)",SH.DYN.MORT,2.4,2.4,2.3,2.2,..,..
Norway,NOR,Nitrous oxide emissions (metric tons of CO2 equivalent per capita),EN.ATM.NOXE.PC,0.660583631405316,0.66682142752963,0.654895603939046,..,..,..
Norway,NOR,"PM2.5 air pollution, mean annual exposure (micrograms per cubic meter)",EN.ATM.PM25.MC.M3,6.695799295,6.642383374,..,..,..,..
Norway,NOR,Political Stability and Absence of Violence/Terrorism: Estimate,PV.EST,1.12063598632813,1.14198648929596,1.22151875495911,1.08847510814667,0.860958337783813,..
Norway,NOR,Proportion of seats held by women in national parliaments (%),SG.GEN.PARL.ZS,41.4201183431953,40.8284023668639,41.4201183431953,44.9704142011834,44.9704142011834,..
Norway,NOR,Regulatory Quality: Estimate,RQ.EST,1.78418827056885,1.79789400100708,1.69426965713501,1.62860715389252,1.5161395072937,..
Norway,NOR,Renewable energy consumption (% of total final energy consumption),EG.FEC.RNEW.ZS,59.74,60.6,61.29,..,..,..
Norway,NOR,Rule of Law: Estimate,RL.EST,1.92218768596649,1.94109773635864,1.9314512014389,1.90818059444427,1.76217150688171,..
Norway,NOR,"School enrollment, primary and secondary (gross), gender parity index (GPI)",SE.ENR.PRSC.FM.ZS,0.977540016174316,0.975560009479523,0.977140009403229,..,..,..
Norway,NOR,Strength of legal rights index (0=weak to 12=strong),IC.LGL.CRED.XQ,5,5,..,..,..,..
Norway,NOR,Voice and Accountability: Estimate,VA.EST,1.70854437351227,1.65307128429413,1.71944141387939,1.73818778991699,1.77486836910248,..
Norway,NOR,Terrestrial and marine protected areas (% of total territorial area),ER.PTD.TOTL.ZS,5.06077998767431,4.99083648311057,5.71025191660096,15.1385220263242,15.1951994587447,..
Norway,NOR,Tree Cover Loss (hectares),AG.LND.FRLS.HA,59220,64784,68363,63937,..,..
Norway,NOR,Level of water stress: freshwater withdrawal as a proportion of available freshwater resources,ER.H2O.FWST.ZS,2.0464638783,2.0464638783,2.0464638783,..,..,..
Poland,POL,Access to clean fuels and technologies for cooking (% of population),EG.CFT.ACCS.ZS,100,100,100,100,..,..
Poland,POL,"Cause of death, by communicable diseases and maternal, prenatal and nutrition conditions (% of total)",SH.DTH.COMM.ZS,..,5.85222082210651,..,..,..,..
Poland,POL,CO2 emissions (metric tons per capita),EN.ATM.CO2E.PC,8.20953133332017,7.76885578278686,7.36756337292709,..,..,..
Poland,POL,Control of Corruption: Estimate,CC.EST,0.623056650161743,0.610989212989807,0.618777275085449,0.546425759792328,0.506694495677948,..
Poland,POL,Economic and Social Rights Performance Score,SD.ESR.PERF.XQ,2.53806107,..,..,..,..,..
Poland,POL,Government Effectiveness: Estimate,GE.EST,0.546931207180023,0.512944579124451,0.324414283037186,0.254857361316681,0.25948902964592,..
Poland,POL,"Government expenditure on education, total (% of government expenditure)",SE.XPD.TOTL.GB.ZS,12.027419090271,11.9878053665161,10.6044521331787,11.1692733764648,..,..
Poland,POL,"Life expectancy at birth, total (years)",SP.DYN.LE00.IN,77.6024390243903,77.9048780487805,76.5,..,..,..
Poland,POL,Methane emissions (metric tons of CO2 equivalent per capita),EN.ATM.METH.PC,0.796188901309423,0.782226566900585,0.779448726578251,..,..,..
Poland,POL,"Mortality rate, under-5 (per 1,000 live births)",SH.DYN.MORT,4.5,4.4,4.4,4.3,..,..
Poland,POL,Nitrous oxide emissions (metric tons of CO2 equivalent per capita),EN.ATM.NOXE.PC,0.60676928933041,0.616625132966201,0.603297238428278,..,..,..
Poland,POL,"PM2.5 air pollution, mean annual exposure (micrograms per cubic meter)",EN.ATM.PM25.MC.M3,22.74705532,22.6420051,..,..,..,..
Poland,POL,Political Stability and Absence of Violence/Terrorism: Estimate,PV.EST,0.480340898036957,0.550631165504456,0.49156528711319,0.4918013215065,0.500283241271973,..
Poland,POL,Proportion of seats held by women in national parliaments (%),SG.GEN.PARL.ZS,28.0434782608696,28.695652173913,28.695652173913,28.322440087146,28.2608695652174,..
Poland,POL,Regulatory Quality: Estimate,RQ.EST,0.874214768409729,1.01351165771484,0.850681960582733,0.831825613975525,0.717305660247803,..
Poland,POL,Renewable energy consumption (% of total final energy consumption),EG.FEC.RNEW.ZS,15.05,15.62,16.14,..,..,..
Poland,POL,Rule of Law: Estimate,RL.EST,0.376462787389755,0.390535205602646,0.520833730697632,0.427254050970078,0.430609285831451,..
Poland,POL,"School enrollment, primary and secondary (gross), gender parity index (GPI)",SE.ENR.PRSC.FM.ZS,0.980220019817352,0.9792799949646,0.980530023574829,..,..,..
Poland,POL,Strength of legal rights index (0=weak to 12=strong),IC.LGL.CRED.XQ,7,7,..,..,..,..
Poland,POL,Voice and Accountability: Estimate,VA.EST,0.7101930975914,0.671857714653015,0.61527281999588,0.579481720924377,0.60035628080368,..
Poland,POL,Terrestrial and marine protected areas (% of total territorial area),ER.PTD.TOTL.ZS,38.0635379967455,38.1427704140399,37.9663014218357,37.9617050515478,37.9898464603864,..
Poland,POL,Tree Cover Loss (hectares),AG.LND.FRLS.HA,96846,76721,74959,77568,..,..
Poland,POL,Level of water stress: freshwater withdrawal as a proportion of available freshwater resources,ER.H2O.FWST.ZS,33.2225683628,31.0971928003,30,..,..,..
Portugal,PRT,Access to clean fuels and technologies for cooking (% of population),EG.CFT.ACCS.ZS,100,100,100,100,..,..
Portugal,PRT,"Cause of death, by communicable diseases and maternal, prenatal and nutrition conditions (% of total)",SH.DTH.COMM.ZS,..,8.5170034449767,..,..,..,..
Portugal,PRT,CO2 emissions (metric tons per capita),EN.ATM.CO2E.PC,4.8096126128982,4.33244804259817,3.78490758691711,..,..,..
Portugal,PRT,Control of Corruption: Estimate,CC.EST,0.806138753890991,0.745713293552399,0.721121430397034,0.74234664440155,0.729021430015564,..
Portugal,PRT,Economic and Social Rights Performance Score,SD.ESR.PERF.XQ,2.482781515,..,..,..,..,..
Portugal,PRT,Government Effectiveness: Estimate,GE.EST,1.18123805522919,1.1342910528183,0.979880332946777,0.953686892986298,1.00159108638763,..
Portugal,PRT,"Government expenditure on education, total (% of government expenditure)",SE.XPD.TOTL.GB.ZS,10.2643232345581,10.5292549133301,9.60721397399902,9.70918846130371,..,..
Portugal,PRT,"Life expectancy at birth, total (years)",SP.DYN.LE00.IN,81.3243902439024,81.6756097560976,80.9756097560976,..,..,..
Portugal,PRT,Methane emissions (metric tons of CO2 equivalent per capita),EN.ATM.METH.PC,1.10754446547208,1.11190684702501,1.10547929845361,..,..,..
Portugal,PRT,"Mortality rate, under-5 (per 1,000 live births)",SH.DYN.MORT,3.6,3.4,3.3,3.1,..,..
Portugal,PRT,Nitrous oxide emissions (metric tons of CO2 equivalent per capita),EN.ATM.NOXE.PC,0.30372204711439,0.306988803902836,0.300292779963564,..,..,..
Portugal,PRT,"PM2.5 air pollution, mean annual exposure (micrograms per cubic meter)",EN.ATM.PM25.MC.M3,8.29850884,8.254802244,..,..,..,..
Portugal,PRT,Political Stability and Absence of Violence/Terrorism: Estimate,PV.EST,1.11509525775909,1.05163240432739,1.00865364074707,0.937251269817352,0.860719680786133,..
Portugal,PRT,Proportion of seats held by women in national parliaments (%),SG.GEN.PARL.ZS,34.7826086956522,38.695652173913,40,40,36.9565217391304,..
Portugal,PRT,Regulatory Quality: Estimate,RQ.EST,0.874975383281708,0.957910358905792,0.82206916809082,0.724131643772125,0.762673318386078,..
Portugal,PRT,Renewable energy consumption (% of total final energy consumption),EG.FEC.RNEW.ZS,27.47,28.19,31.21,..,..,..
Portugal,PRT,Rule of Law: Estimate,RL.EST,1.10758209228516,1.10570216178894,1.15511405467987,1.10616540908813,1.11392903327942,..
Portugal,PRT,"School enrollment, primary and secondary (gross), gender parity index (GPI)",SE.ENR.PRSC.FM.ZS,0.986050009727478,0.993099987506866,0.997269988059998,..,..,..
Portugal,PRT,Strength of legal rights index (0=weak to 12=strong),IC.LGL.CRED.XQ,2,2,..,..,..,..
Portugal,PRT,Voice and Accountability: Estimate,VA.EST,1.17851006984711,1.19467461109161,1.25567591190338,1.24693858623505,1.25333595275879,..
Portugal,PRT,Terrestrial and marine protected areas (% of total territorial area),ER.PTD.TOTL.ZS,16.8854244048969,16.886819376065,17.1274719010128,17.1282540257471,17.2081902511757,..
Portugal,PRT,Tree Cover Loss (hectares),AG.LND.FRLS.HA,97437,36886,62044,37224,..,..
Portugal,PRT,Level of water stress: freshwater withdrawal as a proportion of available freshwater resources,ER.H2O.FWST.ZS,12.3157122765,12.3157122765,12.3157122765,..,..,..
Singapore,SGP,Access to clean fuels and technologies for cooking (% of population),EG.CFT.ACCS.ZS,100,100,100,100,..,..
Singapore,SGP,"Cause of death, by communicable diseases and maternal, prenatal and nutrition conditions (% of total)",SH.DTH.COMM.ZS,..,20.7052204629064,..,..,..,..
Singapore,SGP,CO2 emissions (metric tons per capita),EN.ATM.CO2E.PC,8.01821207673574,7.91841038479591,7.68668370206727,..,..,..
Singapore,SGP,Control of Corruption: Estimate,CC.EST,2.13455390930176,2.12010598182678,2.11831736564636,2.13980793952942,2.09472370147705,..
Singapore,SGP,Economic and Social Rights Performance Score,SD.ESR.PERF.XQ,2.479560929,..,..,..,..,..
Singapore,SGP,Government Effectiveness: Estimate,GE.EST,2.23167037963867,2.23171925544739,2.28457260131836,2.25011277198792,2.14482593536377,..
Singapore,SGP,"Government expenditure on education, total (% of government expenditure)",SE.XPD.TOTL.GB.ZS,16.0864105224609,16.4798526763916,11.215181350708,13.0648202896118,13.2804718017578,..
Singapore,SGP,"Life expectancy at birth, total (years)",SP.DYN.LE00.IN,83.2975609756098,83.5951219512195,84.4658536585366,..,..,..
Singapore,SGP,Methane emissions (metric tons of CO2 equivalent per capita),EN.ATM.METH.PC,0.736335020845319,0.745366888872564,0.764649741188894,..,..,..
Singapore,SGP,"Mortality rate, under-5 (per 1,000 live births)",SH.DYN.MORT,2.5,2.4,2.2,2.1,..,..
Singapore,SGP,Nitrous oxide emissions (metric tons of CO2 equivalent per capita),EN.ATM.NOXE.PC,1.69238093729805,1.74088695709651,1.81354727481956,..,..,..
Singapore,SGP,"PM2.5 air pollution, mean annual exposure (micrograms per cubic meter)",EN.ATM.PM25.MC.M3,18.49335298,18.76588248,..,..,..,..
Singapore,SGP,Political Stability and Absence of Violence/Terrorism: Estimate,PV.EST,1.46800899505615,1.4803055524826,1.43841421604156,1.44232499599457,1.45994246006012,..
Singapore,SGP,Proportion of seats held by women in national parliaments (%),SG.GEN.PARL.ZS,23,23,29.4736842105263,29.8076923076923,29.126213592233,..
Singapore,SGP,Regulatory Quality: Estimate,RQ.EST,2.12173795700073,2.15443754196167,2.20529913902283,2.22689867019653,2.21437835693359,..
Singapore,SGP,Renewable energy consumption (% of total final energy consumption),EG.FEC.RNEW.ZS,0.78,0.89,0.92,..,..,..
Singapore,SGP,Rule of Law: Estimate,RL.EST,1.80267703533173,1.83781433105469,1.8356260061264,1.82000410556793,1.77927768230438,..
Singapore,SGP,"School enrollment, primary and secondary (gross), gender parity index (GPI)",SE.ENR.PRSC.FM.ZS,0.995630025863647,0.9966099858284,0.996010005474091,..,..,..
Singapore,SGP,Strength of legal rights index (0=weak to 12=strong),IC.LGL.CRED.XQ,8,8,..,..,..,..
Singapore,SGP,Voice and Accountability: Estimate,VA.EST,-0.0767669156193733,-0.206522792577744,-0.205266669392586,-0.140219897031784,-0.0494473651051521,..
Singapore,SGP,Terrestrial and marine protected areas (% of total territorial area),ER.PTD.TOTL.ZS,2.46306282917716,2.46363019296917,2.46363019296917,2.463630223174,2.463630223174,..
Singapore,SGP,Tree Cover Loss (hectares),AG.LND.FRLS.HA,289,288,165,201,..,..
Singapore,SGP,Level of water stress: freshwater withdrawal as a proportion of available freshwater resources,ER.H2O.FWST.ZS,81.3833333333,82.1666666667,83.1166666667,..,..,..
South Africa,ZAF,Access to clean fuels and technologies for cooking (% of population),EG.CFT.ACCS.ZS,86.3,87.1,87.7,88.4,..,..
South Africa,ZAF,"Cause of death, by communicable diseases and maternal, prenatal and nutrition conditions (% of total)",SH.DTH.COMM.ZS,..,35.6803578327848,..,..,..,..
South Africa,ZAF,CO2 emissions (metric tons per capita),EN.ATM.CO2E.PC,7.66737702463575,7.68890762322173,6.68756314737781,..,..,..
South Africa,ZAF,Control of Corruption: Estimate,CC.EST,-0.136328086256981,-0.0310517251491547,-0.0589598156511784,-0.034114234149456,-0.319765210151672,..
South Africa,ZAF,Economic and Social Rights Performance Score,SD.ESR.PERF.XQ,1.899644574,..,..,..,..,..
South Africa,ZAF,Government Effectiveness: Estimate,GE.EST,0.103732906281948,0.12788100540638,0.0452405549585819,-0.0710126981139183,-0.125317960977554,..
South Africa,ZAF,"Government expenditure on education, total (% of government expenditure)",SE.XPD.TOTL.GB.ZS,20.2936897277832,18.6945037841797,18.484130859375,18.4859790802002,19.7500400543213,..
South Africa,ZAF,"Life expectancy at birth, total (years)",SP.DYN.LE00.IN,65.674,66.175,65.252,..,..,..
South Africa,ZAF,Methane emissions (metric tons of CO2 equivalent per capita),EN.ATM.METH.PC,1.28377835471049,1.26397488579857,1.22807565711239,..,..,..
South Africa,ZAF,"Mortality rate, under-5 (per 1,000 live births)",SH.DYN.MORT,35.1,34.3,33.7,32.8,..,..
South Africa,ZAF,Nitrous oxide emissions (metric tons of CO2 equivalent per capita),EN.ATM.NOXE.PC,0.324596777778582,0.313492378809702,0.305993154612093,..,..,..
South Africa,ZAF,"PM2.5 air pollution, mean annual exposure (micrograms per cubic meter)",EN.ATM.PM25.MC.M3,28.75401758,28.67475434,..,..,..,..
South Africa,ZAF,Political Stability and Absence of Violence/Terrorism: Estimate,PV.EST,-0.237621992826462,-0.283249706029892,-0.252887934446335,-0.750981390476227,-0.722118079662323,..
South Africa,ZAF,Proportion of seats held by women in national parliaments (%),SG.GEN.PARL.ZS,42.7480916030534,46.3476070528967,46.75,46.5822784810127,46.5,..
South Africa,ZAF,Regulatory Quality: Estimate,RQ.EST,-0.0407781675457954,0.00850539095699787,0.0204948224127293,-0.0907086357474327,-0.185125753283501,..
South Africa,ZAF,Renewable energy consumption (% of total final energy consumption),EG.FEC.RNEW.ZS,8.07,8.84,9.76,..,..,..
South Africa,ZAF,Rule of Law: Estimate,RL.EST,-0.221448287367821,-0.183931216597557,-0.240638092160225,0.0690798610448837,0.01973732188344,..
South Africa,ZAF,"School enrollment, primary and secondary (gross), gender parity index (GPI)",SE.ENR.PRSC.FM.ZS,1.00301003456116,1.00258004665375,1.00926995277405,..,..,..
South Africa,ZAF,Strength of legal rights index (0=weak to 12=strong),IC.LGL.CRED.XQ,5,5,..,..,..,..
South Africa,ZAF,Voice and Accountability: Estimate,VA.EST,0.637540757656097,0.642934679985046,0.688375115394592,0.770391166210175,0.707014203071594,..
South Africa,ZAF,Terrestrial and marine protected areas (% of total territorial area),ER.PTD.TOTL.ZS,10.2606485926041,11.807255673899,12.4397025793008,12.4858980057726,12.7377941014656,..
South Africa,ZAF,Tree Cover Loss (hectares),AG.LND.FRLS.HA,63667,76140,62247,52067,..,..
South Africa,ZAF,Level of water stress: freshwater withdrawal as a proportion of available freshwater resources,ER.H2O.FWST.ZS,62.888248479,64.0409862312,65.0336215178,..,..,..
Spain,ESP,Access to clean fuels and technologies for cooking (% of population),EG.CFT.ACCS.ZS,100,100,100,100,..,..
Spain,ESP,"Cause of death, by communicable diseases and maternal, prenatal and nutrition conditions (% of total)",SH.DTH.COMM.ZS,..,5.61044466480471,..,..,..,..
Spain,ESP,CO2 emissions (metric tons per capita),EN.ATM.CO2E.PC,5.52105983547843,5.13179880095904,4.2795945712141,..,..,..
Spain,ESP,Control of Corruption: Estimate,CC.EST,0.612849295139313,0.666526734828949,0.71118026971817,0.71550315618515,0.68531209230423,..
Spain,ESP,Economic and Social Rights Performance Score,SD.ESR.PERF.XQ,2.483521785,..,..,..,..,..
Spain,ESP,Government Effectiveness: Estimate,GE.EST,0.969287812709808,0.968881249427795,0.854268252849579,0.909273445606232,0.92075788974762,..
Spain,ESP,"Government expenditure on education, total (% of government expenditure)",SE.XPD.TOTL.GB.ZS,9.57202339172363,9.57694053649902,9.02206134796143,9.1786003112793,..,..
Spain,ESP,"Life expectancy at birth, total (years)",SP.DYN.LE00.IN,83.4317073170732,83.8317073170732,82.3317073170732,..,..,..
Spain,ESP,Methane emissions (metric tons of CO2 equivalent per capita),EN.ATM.METH.PC,0.836705639121057,0.834671556623819,0.838228160467748,..,..,..
Spain,ESP,"Mortality rate, under-5 (per 1,000 live births)",SH.DYN.MORT,3.2,3.2,3.1,3,..,..
Spain,ESP,Nitrous oxide emissions (metric tons of CO2 equivalent per capita),EN.ATM.NOXE.PC,0.448620006849047,0.435314446722283,0.442522554792075,..,..,..
Spain,ESP,"PM2.5 air pollution, mean annual exposure (micrograms per cubic meter)",EN.ATM.PM25.MC.M3,9.769206907,9.728788477,..,..,..,..
Spain,ESP,Political Stability and Absence of Violence/Terrorism: Estimate,PV.EST,0.275779157876968,0.292700946331024,0.411397874355316,0.509131908416748,0.265326976776123,..
Spain,ESP,Proportion of seats held by women in national parliaments (%),SG.GEN.PARL.ZS,39.1428571428571,44,44,43.4285714285714,42.9799426934097,..
Spain,ESP,Regulatory Quality: Estimate,RQ.EST,0.93815416097641,1.037264585495,0.755449116230011,0.797288954257965,0.797074437141418,..
Spain,ESP,Renewable energy consumption (% of total final energy consumption),EG.FEC.RNEW.ZS,16.9,16.68,19.35,..,..,..
Spain,ESP,Rule of Law: Estimate,RL.EST,0.978212118148804,0.990445971488953,0.862033605575562,0.843659341335297,0.79993212223053,..
Spain,ESP,"School enrollment, primary and secondary (gross), gender parity index (GPI)",SE.ENR.PRSC.FM.ZS,1.01686000823975,1.02180004119873,1.02069997787476,..,..,..
Spain,ESP,Strength of legal rights index (0=weak to 12=strong),IC.LGL.CRED.XQ,5,5,..,..,..,..
Spain,ESP,Voice and Accountability: Estimate,VA.EST,1.02965259552002,1.03611528873444,1.00441217422485,1.00015807151794,1.01301276683807,..
Spain,ESP,Terrestrial and marine protected areas (% of total territorial area),ER.PTD.TOTL.ZS,14.9740098076054,17.8541241161734,17.9073483813693,17.908009701986,17.9239115343373,..
Spain,ESP,Tree Cover Loss (hectares),AG.LND.FRLS.HA,119649,71022,101988,85792,..,..
Spain,ESP,Level of water stress: freshwater withdrawal as a proportion of available freshwater resources,ER.H2O.FWST.ZS,40.0940695297,39.8289025222,43.2540392297,..,..,..
Sweden,SWE,Access to clean fuels and technologies for cooking (% of population),EG.CFT.ACCS.ZS,100,100,100,100,..,..
Sweden,SWE,"Cause of death, by communicable diseases and maternal, prenatal and nutrition conditions (% of total)",SH.DTH.COMM.ZS,..,5.91546177237149,..,..,..,..
Sweden,SWE,CO2 emissions (metric tons per capita),EN.ATM.CO2E.PC,3.52974394445168,3.40159396635064,3.24298914312747,..,..,..
Sweden,SWE,Control of Corruption: Estimate,CC.EST,2.10926389694214,2.09203410148621,2.09461283683777,2.09889101982117,2.06165814399719,..
Sweden,SWE,Economic and Social Rights Performance Score,SD.ESR.PERF.XQ,2.572319677,..,..,..,..,..
Sweden,SWE,Government Effectiveness: Estimate,GE.EST,1.67112922668457,1.67409884929657,1.6703794002533,1.61247062683105,1.57297706604004,..
Sweden,SWE,"Government expenditure on education, total (% of government expenditure)",SE.XPD.TOTL.GB.ZS,13.8270950317383,14.0827951431274,13.4472208023071,13.4986047744751,..,..
Sweden,SWE,"Life expectancy at birth, total (years)",SP.DYN.LE00.IN,82.5585365853659,83.109756097561,82.3560975609756,..,..,..
Sweden,SWE,Methane emissions (metric tons of CO2 equivalent per capita),EN.ATM.METH.PC,0.488392650611574,0.472217629009833,0.46285028302665,..,..,..
Sweden,SWE,"Mortality rate, under-5 (per 1,000 live births)",SH.DYN.MORT,2.7,2.6,2.5,2.5,..,..
Sweden,SWE,Nitrous oxide emissions (metric tons of CO2 equivalent per capita),EN.ATM.NOXE.PC,0.587911474982246,0.602516733766992,0.616323766917321,..,..,..
Sweden,SWE,"PM2.5 air pollution, mean annual exposure (micrograms per cubic meter)",EN.ATM.PM25.MC.M3,5.688407622,5.647572855,..,..,..,..
Sweden,SWE,Political Stability and Absence of Violence/Terrorism: Estimate,PV.EST,0.921225249767303,1.01176965236664,0.99729984998703,1.01436281204224,0.902623057365417,..
Sweden,SWE,Proportion of seats held by women in national parliaments (%),SG.GEN.PARL.ZS,46.1318051575931,47.2779369627507,46.9914040114613,46.9914040114613,46.4183381088825,..
Sweden,SWE,Regulatory Quality: Estimate,RQ.EST,1.82550489902496,1.79326152801514,1.67861640453339,1.74532163143158,1.68157696723938,..
Sweden,SWE,Renewable energy consumption (% of total final energy consumption),EG.FEC.RNEW.ZS,51.56,52.87,58.4,..,..,..
Sweden,SWE,Rule of Law: Estimate,RL.EST,1.78393721580505,1.79192125797272,1.76685619354248,1.70026206970215,1.69006848335266,..
Sweden,SWE,"School enrollment, primary and secondary (gross), gender parity index (GPI)",SE.ENR.PRSC.FM.ZS,1.04197001457214,1.05411005020142,1.06958997249603,..,..,..
Sweden,SWE,Strength of legal rights index (0=weak to 12=strong),IC.LGL.CRED.XQ,7,7,..,..,..,..
Sweden,SWE,Voice and Accountability: Estimate,VA.EST,1.58029925823212,1.55885195732117,1.49814176559448,1.49325942993164,1.52103972434998,..
Sweden,SWE,Terrestrial and marine protected areas (% of total territorial area),ER.PTD.TOTL.ZS,14.9669469297684,14.6293158827869,14.695884728922,14.8380102035061,15.5281205234679,..
Sweden,SWE,Tree Cover Loss (hectares),AG.LND.FRLS.HA,290151,332891,339968,333157,..,..
Sweden,SWE,Level of water stress: freshwater withdrawal as a proportion of available freshwater resources,ER.H2O.FWST.ZS,3.5206349206,3.5518037518,3.582972583,..,..,..
Thailand,THA,Access to clean fuels and technologies for cooking (% of population),EG.CFT.ACCS.ZS,82.1,83.1,84.2,85.1,..,..
Thailand,THA,"Cause of death, by communicable diseases and maternal, prenatal and nutrition conditions (% of total)",SH.DTH.COMM.ZS,..,13.9039699177043,..,..,..,..
Thailand,THA,CO2 emissions (metric tons per capita),EN.ATM.CO2E.PC,3.71842785188273,3.84904375698898,3.71425580600412,..,..,..
Thailand,THA,Control of Corruption: Estimate,CC.EST,-0.458018720149994,-0.471759527921677,-0.483637541532516,-0.478348255157471,-0.452194035053253,..
Thailand,THA,Economic and Social Rights Performance Score,SD.ESR.PERF.XQ,2.338696702,..,..,..,..,..
Thailand,THA,Government Effectiveness: Estimate,GE.EST,0.254473984241486,0.260645478963852,0.202014088630676,0.221190869808197,0.128285065293312,..
Thailand,THA,"Government expenditure on education, total (% of government expenditure)",SE.XPD.TOTL.GB.ZS,14.5290603637695,14.4990835189819,12.2840824127197,11.8762474060059,14.6416454315186,..
Thailand,THA,"Life expectancy at birth, total (years)",SP.DYN.LE00.IN,78.662,78.975,79.274,..,..,..
Thailand,THA,Methane emissions (metric tons of CO2 equivalent per capita),EN.ATM.METH.PC,1.09410519307204,1.04910262435241,1.0617988810849,..,..,..
Thailand,THA,"Mortality rate, under-5 (per 1,000 live births)",SH.DYN.MORT,9.4,9,8.6,8.3,..,..
Thailand,THA,Nitrous oxide emissions (metric tons of CO2 equivalent per capita),EN.ATM.NOXE.PC,0.298562906245859,0.275411733362046,0.292851815129692,..,..,..
Thailand,THA,"PM2.5 air pollution, mean annual exposure (micrograms per cubic meter)",EN.ATM.PM25.MC.M3,27.48165939,27.40271356,..,..,..,..
Thailand,THA,Political Stability and Absence of Violence/Terrorism: Estimate,PV.EST,-0.799434542655945,-0.49142050743103,-0.578276574611664,-0.568726181983948,-0.383099317550659,..
Thailand,THA,Proportion of seats held by women in national parliaments (%),SG.GEN.PARL.ZS,5.28455284552846,16.2,15.7464212678937,15.7464212678937,15.7464212678937,..
Thailand,THA,Regulatory Quality: Estimate,RQ.EST,-0.0440966561436653,-0.0219450928270817,0.0636607557535172,0.0835350751876831,0.165019407868385,..
Thailand,THA,Renewable energy consumption (% of total final energy consumption),EG.FEC.RNEW.ZS,23.7,23.95,20.83,..,..,..
Thailand,THA,Rule of Law: Estimate,RL.EST,-0.00407756073400378,0.0885664150118828,0.109724149107933,0.0948904007673264,0.067307785153389,..
Thailand,THA,"School enrollment, primary and secondary (gross), gender parity index (GPI)",SE.ENR.PRSC.FM.ZS,1.02044188976288,0.995571434497833,0.995733320713043,1.01338183879852,1.02751123905182,..
Thailand,THA,Strength of legal rights index (0=weak to 12=strong),IC.LGL.CRED.XQ,7,7,..,..,..,..
Thailand,THA,Voice and Accountability: Estimate,VA.EST,-1.01793563365936,-0.846735775470734,-0.810611665248871,-0.789982855319977,-0.622607707977295,..
Thailand,THA,Terrestrial and marine protected areas (% of total territorial area),ER.PTD.TOTL.ZS,12.5097581187036,12.5097651118809,13.2714574134773,13.2989614045346,13.2989614045346,..
Thailand,THA,Tree Cover Loss (hectares),AG.LND.FRLS.HA,133533,129794,119414,122816,..,..
Thailand,THA,Level of water stress: freshwater withdrawal as a proportion of available freshwater resources,ER.H2O.FWST.ZS,23.0139351833,23.0139351833,23.0139351833,..,..,..
Turkiye,TUR,Access to clean fuels and technologies for cooking (% of population),EG.CFT.ACCS.ZS,95.2,95.4,95.4,95.4,..,..
Turkiye,TUR,"Cause of death, by communicable diseases and maternal, prenatal and nutrition conditions (% of total)",SH.DTH.COMM.ZS,..,5.16531847193368,..,..,..,..
Turkiye,TUR,CO2 emissions (metric tons per capita),EN.ATM.CO2E.PC,5.08691958023764,4.82896105858795,4.8858639260833,..,..,..
Turkiye,TUR,Control of Corruption: Estimate,CC.EST,-0.351102501153946,-0.325625747442245,-0.361126631498337,-0.407550573348999,-0.467645317316055,..
Turkiye,TUR,Economic and Social Rights Performance Score,SD.ESR.PERF.XQ,2.340882553,..,..,..,..,..
Turkiye,TUR,Government Effectiveness: Estimate,GE.EST,-0.0683634132146835,-0.0203610323369503,-0.158615037798882,-0.118561923503876,-0.19902965426445,..
Turkiye,TUR,"Government expenditure on education, total (% of government expenditure)",SE.XPD.TOTL.GB.ZS,10.7427701950073,11.1729640960693,9.31123352050781,8.80984497070312,..,..
Turkiye,TUR,"Life expectancy at birth, total (years)",SP.DYN.LE00.IN,77.563,77.832,75.85,..,..,..
Turkiye,TUR,Methane emissions (metric tons of CO2 equivalent per capita),EN.ATM.METH.PC,0.592369594342044,0.597522784484855,0.604964442509104,..,..,..
Turkiye,TUR,"Mortality rate, under-5 (per 1,000 live births)",SH.DYN.MORT,10.7,10.1,9.5,9,..,..
Turkiye,TUR,Nitrous oxide emissions (metric tons of CO2 equivalent per capita),EN.ATM.NOXE.PC,0.410484759923704,0.423414448802269,0.457303103639661,..,..,..
Turkiye,TUR,"PM2.5 air pollution, mean annual exposure (micrograms per cubic meter)",EN.ATM.PM25.MC.M3,26.54401982,26.03180162,..,..,..,..
Turkiye,TUR,Political Stability and Absence of Violence/Terrorism: Estimate,PV.EST,-1.31516599655151,-1.37813580036163,-1.14386320114136,-1.1367609500885,-1.03986501693726,..
Turkiye,TUR,Proportion of seats held by women in national parliaments (%),SG.GEN.PARL.ZS,17.4496644295302,17.4496644295302,17.3174872665535,17.3333333333333,17.3539518900344,..
Turkiye,TUR,Regulatory Quality: Estimate,RQ.EST,0.01624720916152,-0.0204177498817444,-0.0247927252203226,-0.100666180253029,-0.244638904929161,..
Turkiye,TUR,Renewable energy consumption (% of total final energy consumption),EG.FEC.RNEW.ZS,11.83,14.12,13.72,..,..,..
Turkiye,TUR,Rule of Law: Estimate,RL.EST,-0.390645027160645,-0.347564905881882,-0.420469641685486,-0.432599365711212,-0.458115965127945,..
Turkiye,TUR,"School enrollment, primary and secondary (gross), gender parity index (GPI)",SE.ENR.PRSC.FM.ZS,0.979900002479553,0.970019996166229,0.977119982242584,..,..,..
Turkiye,TUR,Strength of legal rights index (0=weak to 12=strong),IC.LGL.CRED.XQ,7,7,..,..,..,..
Turkiye,TUR,Voice and Accountability: Estimate,VA.EST,-0.846058666706085,-0.834239602088928,-0.860568761825562,-0.859696805477142,-0.9266077876091,..
Turkiye,TUR,Terrestrial and marine protected areas (% of total territorial area),ER.PTD.TOTL.ZS,0.190652366562585,0.19065237415556,0.19065237415556,5.67226572455947,5.67226572455947,..
Turkiye,TUR,Tree Cover Loss (hectares),AG.LND.FRLS.HA,35668,39118,45349,79284,..,..
Turkiye,TUR,Level of water stress: freshwater withdrawal as a proportion of available freshwater resources,ER.H2O.FWST.ZS,45.3788754364,45.7056970957,45.7056970957,..,..,..
United Kingdom,GBR,Access to clean fuels and technologies for cooking (% of population),EG.CFT.ACCS.ZS,100,100,100,100,..,..
United Kingdom,GBR,"Cause of death, by communicable diseases and maternal, prenatal and nutrition conditions (% of total)",SH.DTH.COMM.ZS,..,8.1567751410004,..,..,..,..
United Kingdom,GBR,CO2 emissions (metric tons per capita),EN.ATM.CO2E.PC,5.42512840439105,5.17584247261224,4.60114225090135,..,..,..
United Kingdom,GBR,Control of Corruption: Estimate,CC.EST,1.8065721988678,1.74877238273621,1.6600604057312,1.64092922210693,1.62015616893768,..
United Kingdom,GBR,Economic and Social Rights Performance Score,SD.ESR.PERF.XQ,2.507283581,..,..,..,..,..
United Kingdom,GBR,Government Effectiveness: Estimate,GE.EST,1.36168932914734,1.44990789890289,1.33266663551331,1.24177372455597,1.23863482475281,..
United Kingdom,GBR,"Government expenditure on education, total (% of government expenditure)",SE.XPD.TOTL.GB.ZS,12.1116199493408,12.018479347229,10.7294292449951,11.2324705123901,..,..
United Kingdom,GBR,"Life expectancy at birth, total (years)",SP.DYN.LE00.IN,81.2560975609756,81.4048780487805,80.3512195121951,..,..,..
United Kingdom,GBR,Methane emissions (metric tons of CO2 equivalent per capita),EN.ATM.METH.PC,0.785854517846011,0.77058082291087,0.751561526581339,..,..,..
United Kingdom,GBR,"Mortality rate, under-5 (per 1,000 live births)",SH.DYN.MORT,4.4,4.3,4.3,4.2,..,..
United Kingdom,GBR,Nitrous oxide emissions (metric tons of CO2 equivalent per capita),EN.ATM.NOXE.PC,0.435666587882843,0.437169739593859,0.412882822638594,..,..,..
United Kingdom,GBR,"PM2.5 air pollution, mean annual exposure (micrograms per cubic meter)",EN.ATM.PM25.MC.M3,10.17141578,10.09284402,..,..,..,..
United Kingdom,GBR,Political Stability and Absence of Violence/Terrorism: Estimate,PV.EST,0.07756457477808,0.527470409870148,0.481457024812698,0.4898921251297,0.503939092159271,..
United Kingdom,GBR,Proportion of seats held by women in national parliaments (%),SG.GEN.PARL.ZS,32.1538461538462,32,33.8461538461538,34.2592592592593,34.5679012345679,..
United Kingdom,GBR,Regulatory Quality: Estimate,RQ.EST,1.76942324638367,1.61285722255707,1.47402393817902,1.45237493515015,1.5665100812912,..
United Kingdom,GBR,Renewable energy consumption (% of total final energy consumption),EG.FEC.RNEW.ZS,10.09,11.39,13.5,..,..,..
United Kingdom,GBR,Rule of Law: Estimate,RL.EST,1.60294651985168,1.56944584846497,1.46293222904205,1.3965802192688,1.41549122333527,..
United Kingdom,GBR,"School enrollment, primary and secondary (gross), gender parity index (GPI)",SE.ENR.PRSC.FM.ZS,1.01304996013641,1.01142001152039,1.01242995262146,..,..,..
United Kingdom,GBR,Strength of legal rights index (0=weak to 12=strong),IC.LGL.CRED.XQ,7,7,..,..,..,..
United Kingdom,GBR,Voice and Accountability: Estimate,VA.EST,1.38167774677277,1.26276564598083,1.23114216327667,1.26468479633331,1.23219263553619,..
United Kingdom,GBR,Terrestrial and marine protected areas (% of total territorial area),ER.PTD.TOTL.ZS,28.8252338951318,29.0475662393434,40.2872308481291,40.2872308481291,39.9333390850154,..
United Kingdom,GBR,Tree Cover Loss (hectares),AG.LND.FRLS.HA,26251,28377,22842,26216,..,..
United Kingdom,GBR,Level of water stress: freshwater withdrawal as a proportion of available freshwater resources,ER.H2O.FWST.ZS,14.3546462063,14.3546462063,14.3546462063,..,..,..
United States,USA,Access to clean fuels and technologies for cooking (% of population),EG.CFT.ACCS.ZS,100,100,100,100,..,..
United States,USA,"Cause of death, by communicable diseases and maternal, prenatal and nutrition conditions (% of total)",SH.DTH.COMM.ZS,..,5.3020598009239,..,..,..,..
United States,USA,CO2 emissions (metric tons per capita),EN.ATM.CO2E.PC,15.2225180998504,14.6733807134556,13.0328279519898,..,..,..
United States,USA,Control of Corruption: Estimate,CC.EST,1.29267823696136,1.18073284626007,1.03821742534637,1.01972794532776,1.10425877571106,..
United States,USA,Economic and Social Rights Performance Score,SD.ESR.PERF.XQ,2.340760288,..,..,..,..,..
United States,USA,Government Effectiveness: Estimate,GE.EST,1.53704130649567,1.45355904102325,1.27513825893402,1.29951977729797,1.25599312782288,..
United States,USA,"Government expenditure on education, total (% of government expenditure)",SE.XPD.TOTL.GB.ZS,15.7807312011719,15.5171337127686,12.6542158126831,..,..,..
United States,USA,"Life expectancy at birth, total (years)",SP.DYN.LE00.IN,78.6390243902439,78.7878048780488,76.9804878048781,..,..,..
United States,USA,Methane emissions (metric tons of CO2 equivalent per capita),EN.ATM.METH.PC,2.27567872322048,2.38935481527633,2.25706008936426,..,..,..
United States,USA,"Mortality rate, under-5 (per 1,000 live births)",SH.DYN.MORT,6.5,6.4,6.3,6.2,..,..
United States,USA,Nitrous oxide emissions (metric tons of CO2 equivalent per capita),EN.ATM.NOXE.PC,0.813565163477112,0.802542622116478,0.778260623419919,..,..,..
United States,USA,"PM2.5 air pollution, mean annual exposure (micrograms per cubic meter)",EN.ATM.PM25.MC.M3,7.775115257,7.663692516,..,..,..,..
United States,USA,Political Stability and Absence of Violence/Terrorism: Estimate,PV.EST,0.386042565107346,0.117876663804054,-0.0269290637224913,-0.0148778762668371,-0.0360050275921822,..
United States,USA,Proportion of seats held by women in national parliaments (%),SG.GEN.PARL.ZS,23.5023041474654,23.4338747099768,27.4647887323944,27.6497695852535,28.7037037037037,..
United States,USA,Regulatory Quality: Estimate,RQ.EST,1.61313998699188,1.33457458019257,1.2384375333786,1.44095718860626,1.42443990707397,..
United States,USA,Renewable energy consumption (% of total final energy consumption),EG.FEC.RNEW.ZS,10.12,10.42,11.16,..,..,..
United States,USA,Rule of Law: Estimate,RL.EST,1.47568666934967,1.42403542995453,1.33538234233856,1.3906421661377,1.37168848514557,..
United States,USA,"School enrollment, primary and secondary (gross), gender parity index (GPI)",SE.ENR.PRSC.FM.ZS,0.994700014591217,0.994910001754761,0.986829996109009,..,..,..
United States,USA,Strength of legal rights index (0=weak to 12=strong),IC.LGL.CRED.XQ,11,11,..,..,..,..
United States,USA,Voice and Accountability: Estimate,VA.EST,0.99573165178299,0.905322194099426,0.855865716934204,0.878146708011627,0.84512186050415,..
United States,USA,Terrestrial and marine protected areas (% of total territorial area),ER.PTD.TOTL.ZS,26.328083601169,26.3281159177314,23.9458352965842,15.8832744740312,15.8833371610815,..
United States,USA,Tree Cover Loss (hectares),AG.LND.FRLS.HA,2092359,2109918,1966716,2044299,..,..
United States,USA,Level of water stress: freshwater withdrawal as a proportion of available freshwater resources,ER.H2O.FWST.ZS,28.1619842696,28.1619842696,28.1619842696,..,..,..
,,,,,,,,,
,,,,,,,,,
,,,,,,,,,
Data from database: Environment Social and Governance (ESG) Data,,,,,,,,,
Last Updated: 04/16/2024,,,,,,,,,
